country_code,id_mep,name,full_term
LUX,0,Charles GOERENS,1
GBR,1,Bill NEWTON DUNN,0
DEU,2,Constanze KREHL,0
PRT,3,Carlos COELHO,0
DEU,4,Bernd LANGE,1
DEU,5,Evelyne GEBHARDT,0
DEU,6,Markus FERBER,1
DEU,7,Peter LIESE,1
ESP,8,José Manuel GARCÍA-MARGALLO Y MARFIL,1
FIN,9,Heidi HAUTALA,1
ITA,10,Antonio TAJANI,0
GBR,11,Richard CORBETT,0
DEU,12,Rainer WIELAND,1
DEU,13,Michael GAHLER,1
AUT,14,Othmar KARAS,1
BEL,15,Frédérique RIES,1
DEU,16,Udo BULLMANN,1
DEU,17,Angelika NIEBLER,1
ESP,18,María Soraya RODRÍGUEZ RAMOS,1
ITA,19,Silvio BERLUSCONI,0
ITA,20,Raffaele FITTO,0
GBR,21,Geoffrey VAN ORDEN,0
GBR,22,Claude MORAES,0
GBR,23,Nigel FARAGE,0
GBR,24,Neena GILL,0
GBR,25,Jill EVANS,0
GBR,26,Chris DAVIES,0
GBR,27,Daniel HANNAN,0
NLD,28,Antonius MANDERS,1
ITA,29,Sergio BERLATO,0
NLD,30,Lara WOLTERS,0
FRA,31,Brice HORTEFEUX,1
BEL,32,Kathleen VAN BREMPT,1
FRA,33,Fabienne KELLER,1
CZE,34,Kateřina KONEČNÁ,1
CZE,35,Jan ZAHRADIL,1
POL,36,Bogusław LIBERADZKI,1
POL,37,Janusz LEWANDOWSKI,1
POL,38,Adam BIELAN,1
HUN,39,András GYÜRK,1
HUN,40,József SZÁJER,0
SVK,41,Monika BEŇOVÁ,1
FRA,42,Emmanuel MAUREL,1
FRA,43,Anne SANDER,1
BEL,44,Pascal ARIMONT,1
ESP,45,Ana MIRANDA,0
CYP,46,Lefteris CHRISTOFOROU,0
HUN,47,Edina TÓTH,1
IRL,48,Mairead McGUINNESS,0
MLT,49,David CASA,1
HUN,50,Lívia JÁRÓKA,1
HUN,51,Kinga GÁL,1
DNK,52,Margrete AUKEN,1
DEU,53,Daniel CASPARY,1
DEU,54,Andreas SCHWAB,1
DEU,55,Markus PIEPER,1
DEU,56,Christian EHLER,1
DEU,57,Manfred WEBER,1
NLD,58,Sophia IN 'T VELD,1
POL,59,Jerzy BUZEK,1
POL,60,Jan OLBRYCHT,1
SVN,61,Ljudmila NOVAK,1
POL,62,Jacek SARYUSZ-WOLSKI,1
ESP,63,Iratxe GARCÍA PÉREZ,1
ITA,64,Patrizia TOIA,1
ITA,65,Mercedes BRESSO,0
ESP,66,Javier MORENO SÁNCHEZ,1
POL,67,Anna FOTYGA,1
POL,68,Ryszard CZARNECKI,1
POL,69,Zbigniew KUŹMIUK,0
ESP,70,Pilar del CASTILLO VERA,1
ESP,71,Antonio LÓPEZ-ISTÚRIZ WHITE,1
ESP,72,Francisco José MILLÁN MON,1
ITA,73,Alessandra MUSSOLINI,0
GBR,74,Alyn SMITH,0
GRC,75,Dimitrios PAPADIMOULIS,1
LVA,76,Roberts ZĪLE,1
LVA,77,Inese VAIDERE,1
LVA,78,Tatjana ŽDANOKA,1
BEL,79,Marc TARABELLA,1
FRA,80,Younous OMARJEE,1
GBR,81,Aileen McLEOD,0
ROU,82,Marian-Jean MARINESCU,1
ROU,83,Corina CREȚU,1
SVK,84,Robert HAJŠEL,1
ITA,85,Marco CAMPOMENOSI,1
ITA,86,Aldo PATRICIELLO,1
NLD,87,Kati PIRI,0
DNK,88,Christel SCHALDEMOSE,1
ROU,89,Adina-Ioana VĂLEAN,0
NLD,90,Esther DE LANGE,0
ROU,91,Cristian-Silviu BUŞOI,1
AUT,92,Georg MAYER,1
SWE,93,Johan DANIELSSON,0
ROU,94,Rovana PLUMB,1
ROU,95,Iuliu WINKLER,1
FIN,96,Sirpa PIETIKÄINEN,1
ROU,97,Nicolae ŞTEFĂNUȚĂ,1
NLD,98,Jan HUITEMA,1
FRA,99,Nadine MORANO,1
DEU,100,Anna CAVAZZINI,1
PRT,101,José GUSMÃO,1
ROU,102,Victor NEGRESCU,0
FRA,103,Catherine GRISET,1
NLD,104,Jeroen LENAERS,1
DEU,105,Helmut SCHOLZ,1
BEL,106,Philippe LAMBERTS,1
SVK,107,Katarína ROTH NEVEĎALOVÁ,0
IRL,108,Seán KELLY,1
LTU,109,Vilija BLINKEVIČIŪTĖ,1
LTU,110,Waldemar TOMASZEWSKI,1
LTU,111,Viktor USPASKICH,1
PRT,112,João FERREIRA,0
ESP,113,Oriol JUNQUERAS I VIES,0
DNK,114,Morten LØKKEGAARD,1
FRA,115,Pascal CANFIN,1
CZE,116,Evžen TOŠENOVSKÝ,1
NLD,117,Bas EICKHOUT,1
DEU,118,Sven GIEGOLD,0
DEU,119,Ska KELLER,1
DEU,120,Reinhard BÜTIKOFER,1
FRA,121,Yannick JADOT,0
FRA,122,Michèle RIVASI,0
FRA,123,Arnaud DANJEAN,1
FRA,124,François ALFONSI,1
DEU,125,Martin HÄUSLING,1
DEU,126,Sabine VERHEYEN,1
DEU,127,Axel VOSS,1
POL,128,Jarosław KALINOWSKI,1
DEU,129,Peter JAHR,1
ITA,130,Lara COMI,0
POL,131,Róża THUN UND HOHENSTEIN,1
POL,132,Danuta Maria HÜBNER,1
DEU,133,Monika HOHLMEIER,1
ITA,134,Herbert DORFMANN,1
POL,135,Elżbieta Katarzyna ŁUKACIJEWSKA,1
POL,136,Ryszard Antoni LEGUTKO,1
POL,137,Tomasz Piotr PORĘBA,1
ESP,138,Pablo ARIAS ECHEVERRÍA,1
NLD,139,Peter van DALEN,0
ITA,140,Carlo FIDANZA,1
ESP,141,Rosa ESTARÀS FERRAGUT,1
ESP,142,Juan Fernando LÓPEZ AGUILAR,1
PRT,143,Marisa MATIAS,0
HUN,144,Tamás DEUTSCH,1
HUN,145,Ádám KÓSA,1
HUN,146,Enikő GYŐRI,1
DEU,147,Jens GEIER,1
DEU,148,Petra KAMMEREVERT,1
DEU,149,Ismail ERTUG,0
DEU,150,Norbert NEUSER,0
DEU,151,Cornelia ERNST,1
ITA,152,David Maria SASSOLI,0
PRT,153,Maria da Graça CARVALHO,0
FRA,154,Karima DELLI,1
ITA,155,Andrea COZZOLINO,1
FRA,156,Dominique RIQUET,1
ITA,157,Paolo DE CASTRO,1
ITA,158,Roberto GUALTIERI,0
PRT,159,José Manuel FERNANDES,0
PRT,160,Paulo RANGEL,0
SVN,161,Tanja FAJON,0
ESP,162,Izaskun BILBAO BARANDICA,1
DEU,163,Birgit SIPPEL,1
SVN,164,Milan ZVER,1
LVA,165,Sandra KALNIETE,1
ESP,166,Gabriel MATO,0
GBR,167,Diane DODDS,0
FRA,168,Sylvie GUILLAUME,1
GBR,169,Catherine BEARDER,0
PRT,170,Nuno MELO,0
ESP,171,Eider GARDIAZABAL RUBIAL,1
AUT,172,Evelyn REGNER,1
BEL,173,Guy VERHOFSTADT,1
NLD,174,Derk Jan EPPINK,0
ITA,175,Mara BIZZOTTO,0
FRA,176,Marie TOUSSAINT,1
BGR,177,Andrey KOVATCHEV,1
BGR,178,Eva MAYDELL,1
ROU,179,Loránt VINCZE,1
ITA,180,Alessandro PANZA,1
GBR,181,Alexandra Lesley PHILLIPS,0
DEU,182,Lena DÜPONT,1
ITA,183,Paolo BORCHIA,1
DNK,184,Niels FUGLSANG,1
DEU,185,Terry REINTKE,1
SVK,186,Michal ŠIMEČKA,0
DEU,187,Daniel FREUND,1
BGR,188,Andrey NOVAKOV,1
GBR,189,Anthea McINTYRE,0
GBR,190,Phil BENNION,0
FIN,191,Petri SARVAMAA,1
HRV,192,Tonino PICULA,1
HRV,193,Romana JERKOVIĆ,0
HRV,194,Biljana BORZAN,1
FRA,195,Eric ANDRIEU,0
GBR,196,Martina ANDERSON,0
FIN,197,Nils TORVALDS,1
MLT,198,Roberta METSOLA,1
CZE,199,Ondřej KOVAŘÍK,1
HRV,200,Ruža TOMAŠIĆ,0
HRV,201,Dubravka ŠUICA,0
DEU,202,Martina MICHELS,1
ESP,203,Alicia HOMS GINEL,1
SWE,204,Charlie WEIMERS,1
HUN,205,Balázs HIDVÉGHI,1
CYP,206,Costas MAVRIDES,1
CYP,207,Demetris PAPADAKIS,1
FRA,208,Pascal DURAND,1
EST,209,Andrus ANSIP,1
EST,210,Jana TOOM,1
CZE,211,Luděk NIEDERMAYER,1
CZE,212,Stanislav POLČÁK,1
HUN,213,István UJHELYI,1
CZE,214,Dita CHARANZOVÁ,1
CZE,215,Martina DLABAJOVÁ,1
CZE,216,Michaela ŠOJDROVÁ,1
HUN,217,Andrea BOCSKOR,1
CZE,218,Tomáš ZDECHOVSKÝ,1
HUN,219,Andor DELI,1
HUN,220,György HÖLVÉNYI,1
HUN,221,Csaba MOLNÁR,1
FIN,222,Henna VIRKKUNEN,1
PRT,223,Cláudia MONTEIRO DE AGUIAR,0
FIN,224,Miapetra KUMPULA-NATRI,1
FRA,225,Gilles LEBRETON,1
PRT,226,Carlos ZORRINHO,1
PRT,227,Pedro SILVA PEREIRA,1
FRA,228,Nicolas BAY,1
FRA,229,Joëlle MÉLIN,0
LTU,230,Petras AUŠTREVIČIUS,1
FRA,231,Jean-François JALKH,1
FRA,232,Dominique BILDE,1
ITA,233,Tiziana BEGHIN,1
ITA,234,Eleonora EVI,0
ITA,235,Marco ZANNI,1
MLT,236,Alfred SANT,1
ROU,237,Dan NICA,1
ROU,238,Maria GRAPINI,1
ITA,239,Alessandra MORETTI,1
ROU,240,Siegfried MUREŞAN,1
DEU,241,David McALLISTER,1
DEU,242,Jens GIESEKE,1
DEU,243,Norbert LINS,1
DEU,244,Sven SCHULZE,0
ITA,245,Fabio Massimo CASTALDO,1
ITA,246,Simona BONAFÈ,0
DEU,247,Klaus BUCHNER,0
ITA,248,Nicola DANTI,0
DEU,249,Dietmar KÖSTER,1
ITA,250,Fulvio MARTUSCIELLO,1
ITA,251,Isabella ADINOLFI,1
ITA,252,Laura FERRARA,1
DEU,253,Martin SONNEBORN,1
ITA,254,Rosa D'AMATO,1
DEU,255,Maria NOICHL,1
DEU,256,Joachim SCHUSTER,1
ITA,257,Piernicola PEDICINI,1
ITA,258,Pina PICIERNO,1
BGR,259,Emil RADEV,1
BGR,260,Sergei STANISHEV,1
ITA,261,Ignazio CORRAO,1
ITA,262,Caterina CHINNICI,1
DEU,263,Ulrike MÜLLER,1
BGR,264,Ilhan KYUCHYUK,1
ITA,265,Brando BENIFEI,1
DNK,267,Morten PETERSEN,1
BGR,268,Angel DZHAMBAZKI,1
DNK,269,Anders VISTISEN,0
POL,270,Jadwiga WIŚNIEWSKA,1
POL,271,Kosma ZŁOTOWSKI,1
POL,272,Karol KARSKI,1
POL,273,Zdzisław KRASNODĘBSKI,1
POL,274,Krzysztof HETMAN,0
SVK,275,Ivan ŠTEFANEC,1
AUT,276,Monika VANA,1
BEL,277,Maria ARENA,1
GBR,278,Molly SCOTT CATO,0
GBR,279,Seb DANCE,0
GBR,280,Jude KIRTON-DARLING,0
GBR,281,Theresa GRIFFIN,0
GBR,282,Julie WARD,0
GBR,283,Nathan GILL,0
MLT,284,Miriam DALLI,0
ESP,285,Ernest URTASUN,0
BEL,286,Gerolf ANNEMANS,1
IRL,287,Luke Ming FLANAGAN,1
IRL,288,Matt CARTHY,0
IRL,289,Deirdre CLUNE,0
SWE,290,Fredrick FEDERLEY,0
SWE,291,Jytte GUTELAND,0
SWE,292,Malin BJÖRK,1
SWE,293,Peter LUNDGREN,1
AUT,294,Harald VILIMSKY,1
SVN,295,Franc BOGOVIČ,1
ESP,296,Javier NART,1
ROU,297,Daniel BUDA,1
NLD,298,Paul TANG,1
NLD,299,Agnes JONGERIUS,1
NLD,300,Anja HAZEKAMP,1
NLD,301,Marcel de GRAAFF,0
ESP,302,Esteban GONZÁLEZ PONS,0
NLD,303,Annie SCHREIJER-PIERIK,1
ESP,304,Maite PAGAZAURTUNDÚA,1
ESP,305,Javi LÓPEZ,1
ESP,306,Inma RODRÍGUEZ-PIÑERO,1
ESP,307,Clara AGUILERA,1
ESP,308,Jonás FERNÁNDEZ,1
GRC,309,Georgios KYRTSOS,1
GRC,310,Maria SPYRAKI,1
GRC,311,Elissavet VOZEMBERG-VRIONIDI,1
GRC,312,Theodoros ZAGORAKIS,1
GRC,313,Manolis KEFALOGIANNIS,1
GRC,314,Kostas PAPADAKIS,1
SVN,315,Romana TOMC,1
BEL,316,Johan VAN OVERTVELDT,1
GRC,317,Eva KAILI,1
GRC,318,Nikos ANDROULAKIS,0
BGR,319,Iskra MIHAYLOVA,1
LTU,320,Bronis ROPĖ,1
ITA,321,Marco ZULLO,1
ITA,322,Massimiliano SALINI,1
CZE,323,Jiří POSPÍŠIL,1
ESP,324,Jordi CAÑAS,1
ESP,325,Domènec RUIZ DEVESA,1
DEU,326,Markus BUCHHEIT,1
EST,327,Urmas PAET,1
BEL,329,Tom VANDENKENDELAERE,0
BEL,330,Hilde VAUTMANS,1
LVA,331,Dace MELBĀRDE,1
GRC,332,Stelios KOULOGLOU,1
ESP,333,Miguel URBÁN CRESPO,1
FRA,334,Jordan BARDELLA,1
DEU,335,Gunnar BECK,1
FIN,336,Pirkko RUOHONEN-LERNER,0
ROU,337,Ramona STRUGARIU,1
FRA,338,Valérie HAYER,1
PRT,339,João PIMENTA LOPES,0
FRA,340,Annika BRUNA,1
SWE,341,Jakop G. DALUNDE,0
ITA,342,Angelo CIOCCA,1
DEU,343,Alexandra GEESE,1
HRV,344,Željana ZOVKO,1
DEU,345,Tiemo WÖLKEN,1
BEL,346,Tom VANDENDRIESSCHE,1
ESP,347,Jordi SOLÉ,0
BEL,348,Marc BOTENGA,1
GBR,349,John HOWARTH,0
GBR,350,Jonathan BULLOCK,0
DEU,351,Dennis RADTKE,1
FRA,352,France JAMET,1
GBR,353,Baroness Nosheena MOBARIK,0
BGR,354,Asim ADEMOV,1
GBR,355,Rory PALMER,0
AUT,356,Thomas WAITZ,0
DEU,357,Martin SCHIRDEWAN,1
DEU,358,Jörg MEUTHEN,1
NLD,359,Caroline NAGTEGAAL,1
AUT,360,Lukas MANDL,1
FRA,361,Geoffroy DIDIER,1
FIN,362,Elsi KATAINEN,1
ITA,363,Giuseppe FERRANDINO,1
ITA,364,Danilo Oscar LANCINI,1
DEU,365,Romeo FRANZ,1
LUX,366,Tilly METZ,1
LUX,367,Christophe HANSEN,0
SWE,368,Sara SKYTTEDAL,1
SWE,369,Heléne FRITZON,1
SWE,370,Evin INCIR,1
SWE,371,David LEGA,1
MLT,372,Josianne CUTAJAR,1
SWE,373,Alice KUHNKE,1
SWE,374,Erik BERGKVIST,0
SWE,375,Pär HOLMGREN,1
SWE,376,Jessica STEGRUD,0
SWE,377,Abir AL-SAHLANI,1
SWE,378,Karin KARLSBRO,1
SWE,379,Tomas TOBÉ,1
MLT,380,Alex AGIUS SALIBA,1
SWE,381,Jessica POLFJÄRD,1
SWE,382,Jörgen WARBORN,1
SWE,383,Arba KOKALARI,1
DEU,384,Hildegard BENTELE,1
DEU,385,Stefan BERGER,1
DEU,386,Niclas HERBST,1
HRV,387,Karlo RESSLER,1
CYP,388,Loucas FOURLAS,1
CYP,389,Niyazi KIZILYÜREK,1
CYP,390,Giorgos GEORGIOU,1
HRV,391,Tomislav SOKOL,1
LUX,392,Monica SEMEDO,1
HRV,393,Valter FLEGO,1
BEL,394,Kris PEETERS,0
LUX,395,Isabel WISELER-LIMA,1
DEU,396,Christine SCHNEIDER,1
DEU,397,Nico SEMSROTT,1
DEU,398,Ralf SEEKATZ,1
DEU,399,Sven SIMON,1
DEU,400,Marlene MORTLER,1
LUX,401,Nicolas SCHMIT,0
DEU,402,Marion WALSMANN,1
DEU,403,Engin EROGLU,1
DEU,404,Patrick BREYER,1
DEU,405,Jan-Christoph OETJEN,1
DEU,406,Katarina BARLEY,1
DEU,407,Martin BUSCHMANN,1
DEU,408,Gabriele BISCHOFF,1
DEU,409,Helmut GEUKING,0
DEU,410,Nicola BEER,0
HRV,411,Mislav KOLAKUŠIĆ,1
DEU,412,Damian BOESELAGER,1
DEU,413,Delara BURKHARDT,1
HRV,414,Predrag Fred MATIĆ,1
DEU,415,Andreas GLÜCK,1
DEU,416,Svenja HAHN,1
DEU,417,Moritz KÖRNER,1
SVN,418,Milan BRGLEZ,1
SVN,419,Irena JOVEVA,1
DEU,420,Rasmus ANDRESEN,1
DEU,421,Michael BLOSS,1
DEU,422,Viola VON CRAMON-TAUBADEL,1
SVN,423,Klemen GROŠELJ,1
DEU,424,Anna DEPARNAY-GRUNENBERG,1
BEL,425,Cindy FRANSSEN,1
DEU,426,Henrike HAHN,1
BEL,427,Benoît LUTGEN,1
DEU,428,Pierrette HERZBERGER-FOFANA,1
DEU,429,Sergey LAGODINSKY,1
DEU,430,Katrin LANGENSIEPEN,1
DEU,431,Erik MARQUARDT,1
BEL,432,Olivier CHASTEL,1
DEU,433,Hannah NEUMANN,1
DEU,434,Niklas NIENASS,1
DEU,435,Jutta PAULUS,1
BEL,436,Geert BOURGEOIS,1
DEU,437,Özlem DEMIREL,1
BEL,438,Assita KANKO,1
BEL,439,Saskia BRICMONT,1
BEL,440,Petra DE SUTTER,0
BEL,441,Filip DE MAN,1
DEU,442,Christian DOLESCHAL,1
DEU,443,Christine ANDERSON,1
DEU,444,Lars Patrick BERG,1
DEU,445,Nicolaus FEST,1
DEU,446,Maximilian KRAH,1
DEU,447,Joachim KUHS,1
DEU,448,Sylvia LIMMER,1
DEU,449,Guido REIL,1
DEU,450,Bernhard ZIMNIOK,1
POL,451,Magdalena ADAMOWICZ,1
EST,452,Marina KALJURAND,1
POL,453,Bartosz ARŁUKOWICZ,0
EST,454,Jaak MADISON,1
FRA,455,Nathalie LOISEAU,1
POL,456,Marek Paweł BALT,1
POL,457,Marek BELKA,1
EST,458,Sven MIKSER,1
POL,459,Robert BIEDROŃ,1
FRA,460,Chrysoula ZACHAROPOULOU,0
FRA,461,Mounir SATOURI,1
POL,462,Joachim Stanisław BRUDZIŃSKI,1
FRA,463,Marie-Pierre VEDRENNE,1
FRA,464,David CORMAND,1
FRA,465,Jérémy DECERLE,1
FRA,466,Catherine CHABAUD,1
FRA,467,Caroline ROOSE,1
POL,468,Włodzimierz CIMOSZEWICZ,1
FRA,469,Stéphane SÉJOURNÉ,0
POL,470,Jarosław DUDA,1
FRA,471,Salima YENBOU,1
FRA,472,Benoît BITEAU,1
POL,473,Tomasz FRANKOWSKI,1
POL,474,Andrzej HALICKI,1
DNK,475,Pernille WEISS,1
POL,476,Patryk JAKI,1
POL,477,Adam JARUBAS,1
POL,478,Krzysztof JURGIEL,1
POL,479,Beata KEMPA,1
POL,480,Izabela-Helena KLOC,1
FRA,481,Manuel BOMPARD,0
CZE,482,Radka MAXOVÁ,1
POL,483,Łukasz KOHUT,1
POL,484,Ewa KOPACZ,1
CZE,485,Martin HLAVÁČEK,1
FRA,486,Anne-Sophie PELLETIER,1
CZE,487,Ondřej KNOTEK,1
FRA,488,Leila CHAIBI,1
POL,489,Joanna KOPCIŃSKA,1
FRA,490,Gwendoline DELBOS-CORFIELD,1
POL,491,Elżbieta KRUK,1
FRA,492,Manon AUBRY,1
FRA,493,François-Xavier BELLAMY,1
FRA,494,Agnès EVREN,0
FRA,495,Nathalie COLIN-OESTERLÉ,1
CZE,496,Alexandr VONDRA,1
POL,497,Beata MAZUREK,1
CZE,498,Mikuláš PEKSA,1
POL,499,Leszek MILLER,1
POL,500,Andżelika Anna MOŻDŻANOWSKA,1
POL,501,Janina OCHOJSKA,1
FRA,502,Bernard GUETTA,1
POL,503,Elżbieta RAFALSKA,1
POL,504,Bogdan RZOŃCA,1
CZE,505,Marcel KOLAJA,1
FRA,506,Irène TOLLERET,1
POL,507,Radosław SIKORSKI,0
CZE,508,Markéta GREGOROVÁ,1
POL,509,Sylwia SPUREK,1
FRA,510,Stéphane BIJOUX,1
CZE,511,Veronika VRECIONOVÁ,1
POL,512,Beata SZYDŁO,1
ESP,513,Luis GARICANO,0
DNK,514,Søren GADE,0
CZE,515,Ivan DAVID,1
FRA,516,Christophe GRUDLER,1
DNK,517,Asger CHRISTENSEN,1
POL,518,Grzegorz TOBISZOWSKI,1
FIN,519,Mauri PEKKARINEN,1
CZE,520,Hynek BLAŠKO,1
POL,521,Witold Jan WASZCZYKOWSKI,1
DNK,522,Karen MELCHIOR,1
DNK,523,Peter KOFOD,0
DNK,524,Nikolaj VILLUMSEN,1
POL,525,Anna ZALEWSKA,1
DNK,526,Kira Marie PETER-HANSEN,1
FRA,527,Damien CARÊME,1
FRA,528,Sylvie BRUNET,1
FRA,529,Gilles BOYER,1
ITA,530,Silvia SARDONE,1
HUN,531,Klára DOBREV,1
ITA,532,Isabella TOVAGLIERI,1
FRA,533,Stéphanie YON-COURTIN,1
ITA,534,Gianna GANCIA,1
HUN,535,Sándor RÓNAI,1
FRA,536,Pierre KARLESKIND,1
ITA,537,Stefania ZAMBELLI,1
HUN,538,Attila ARA-KOVÁCS,1
HUN,539,Katalin CSEH,1
FRA,540,Laurence FARRENG,1
ITA,541,Giuliano PISAPIA,1
ITA,542,Irene TINAGLI,1
ITA,543,Pierfrancesco MAJORINO,0
FRA,544,Véronique TRILLET-LENOIR,0
FIN,545,Laura HUHTASAARI,0
HUN,546,Anna Júlia DONÁTH,1
FIN,547,Teuvo HAKKARAINEN,1
FRA,548,Hélène LAPORTE,0
GBR,549,Richard TICE,0
GBR,550,Barbara Ann GIBSON,0
GBR,551,Michael HEAVER,0
GBR,552,Catherine ROWETT,0
GBR,553,June Alison MUMMERY,0
GBR,554,Lucy NETHSINGHA,0
ESP,555,Javier ZARZALEJOS,1
ITA,556,Pietro FIOCCHI,1
ITA,557,Gianantonio DA RE,1
ITA,558,Alessandra BASSO,1
ITA,559,Elena LIZZI,1
GBR,560,Annunziata Mary REES-MOGG,0
GBR,561,Gina DOWDING,0
ITA,562,Marco DREOSTO,0
FRA,563,Jérôme RIVIÈRE,1
ITA,564,Rosanna CONTE,1
ITA,565,Carlo CALENDA,0
ITA,566,Elisabetta GUALMINI,1
ITA,567,Sabrina PIGNEDOLI,1
GBR,568,Matthew PATTEN,0
ESP,569,Juan Ignacio ZOIDO ÁLVAREZ,1
FRA,570,Thierry MARIANI,1
LVA,571,Ivars IJABS,1
GBR,572,Irina VON WIESE,0
FRA,573,Hervé JUVIN,1
FRA,574,Virginie JORON,1
FRA,575,Jean-Paul GARRAUD,1
FRA,576,Maxette PIRBAKAS,1
ROU,577,Dacian CIOLOŞ,1
AUT,578,Claudia GAMON,1
PRT,579,Pedro MARQUES,1
PRT,580,Maria-Manuel LEITÃO-MARQUES,1
ROU,581,Ioan-Rareş BOGDAN,1
ROU,582,Vasile BLAGA,1
PRT,583,Margarida MARQUES,1
PRT,584,André Jorge DIONÍSIO BRADFORD,0
PRT,585,Sara CERDAS,1
GBR,586,Ben HABIB,0
AUT,587,Karoline EDTSTADLER,0
GBR,588,Christian ALLARD,0
PRT,589,Francisco GUERREIRO,1
ROU,590,Mircea-Gheorghe HAVA,1
ROU,591,Dan-Ştefan MOTREANU,1
AUT,592,Alexander BERNHUBER,1
ROU,593,Gheorghe FALCĂ,1
PRT,594,Isabel SANTOS,1
ROU,595,Carmen AVRAM,1
AUT,596,Angelika WINZIG,1
ROU,597,Claudiu MANDA,1
IRL,598,Ciarán CUFFE,1
ROU,599,Cristian TERHEŞ,1
AUT,600,Simone SCHMIEDTBAUER,0
ROU,601,Tudor CIUHODARU,1
ROU,602,Adrian-Dragoş BENEA,1
ROU,603,Cristian GHINEA,0
GRC,604,Vangelis MEIMARAKIS,1
ROU,605,Dragoş PÎSLARU,1
ROU,606,Clotilde ARMAND,0
ROU,607,Dragoş TUDORACHE,1
AUT,608,Barbara THALER,1
ROU,609,Vlad-Marius BOTOŞ,1
AUT,610,Andreas SCHIEDER,1
ROU,611,Traian BĂSESCU,1
ROU,612,Eugen TOMAC,1
AUT,613,Sarah WIENER,1
AUT,614,Günther SIDL,1
AUT,615,Bettina VOLLATH,0
ESP,616,Isabel BENJUMEA BENJUMEA,1
FRA,617,Aurélia BEIGNEUX,1
ESP,618,Sira REGO,0
AUT,619,Hannes HEIDE,1
FRA,620,Gilbert COLLARD,1
ESP,621,Pernando BARRENA ARZA,0
FRA,622,Julie LECHANTEUX,0
FRA,623,Philippe OLIVIER,1
FRA,624,André ROUGÉ,1
FRA,625,Mathilde ANDROUËT,1
GRC,626,Stelios KYMPOUROPOULOS,1
GBR,627,Dinesh DHAMIJA,0
FRA,628,Raphaël GLUCKSMANN,1
GRC,629,Anna-Michelle ASIMAKOPOULOU,1
GBR,630,Scott AINSLIE,0
FRA,631,Aurore LALUCQ,1
FRA,632,Pierre LARROUTUROU,1
GRC,633,Elena KOUNTOURA,1
GBR,634,Luisa PORRITT,0
GRC,635,Konstantinos ARVANITIS,1
ESP,636,Lina GÁLVEZ MUÑOZ,1
GBR,637,Lance FORMAN,0
GBR,638,Brian MONTEITH,0
GBR,639,John David Edward TENNANT,0
GBR,640,Claire FOX,0
NLD,641,Robert ROOS,1
GBR,642,Alexandra Louise Rosenfield PHILLIPS,0
ESP,643,Dolors MONTSERRAT,1
GBR,644,Henrik OVERGAARD NIELSEN,0
GBR,645,Ellie CHOWNS,0
GBR,646,David BULL,0
GBR,647,Jane BROPHY,0
ESP,648,Ibán GARCÍA DEL BLANCO,1
ESP,649,Nicolás GONZÁLEZ CASARES,1
ESP,650,Cristina MAESTRE MARTÍN DE ALMAGRO,1
IRL,651,Frances FITZGERALD,1
ESP,652,César LUENA,1
ESP,653,Nacho SÁNCHEZ AMOR,1
ESP,654,Mónica Silvana GONZÁLEZ,1
GBR,655,Antony HOOK,0
IRL,656,Clare DALY,1
PRT,657,Manuel PIZARRO,0
GBR,658,Robert ROWLAND,0
GRC,659,Lefteris NIKOLAOU-ALAVANOS,1
ESP,660,Adriana MALDONADO LÓPEZ,0
GBR,661,Belinda DE LUCY,0
GRC,662,Ioannis LAGOS,1
PRT,663,Lídia PEREIRA,1
GBR,664,Judith BUNTING,0
GRC,665,Athanasios KONSTANTINOU,1
ESP,666,Isabel GARCÍA MUÑOZ,1
GRC,667,Petros KOKKALIS,1
GBR,668,Ann WIDDECOMBE,0
PRT,669,Álvaro AMARO,0
GRC,670,Kyriakos VELOPOULOS,0
GBR,671,Caroline VOADEN,0
GBR,672,James Alexander GLANCY,0
GBR,673,Christina Sheila JORDAN,0
PRT,674,Sandra PEREIRA,1
GBR,675,Martin HORWOOD,0
NLD,676,Vera TAX,1
GBR,677,James WELLS,0
GBR,678,Jackie JONES,0
GBR,679,Rupert LOWE,0
GBR,680,Martin Edward DAUBNEY,0
SVK,681,Miroslav ČÍŽ,0
SVK,682,Milan UHRÍK,1
SVK,683,Miroslav RADAČOVSKÝ,1
SVK,684,Peter POLLÁK,1
SVK,685,Lucia ĎURIŠ NICHOLSONOVÁ,1
SVK,686,Eugen JURZYCA,1
SVK,687,Michal WIEZIK,1
SVK,688,Martin HOJSÍK,1
SVK,689,Vladimír BILČÍK,1
NLD,690,Tineke STRIK,1
NLD,691,Bert-Jan RUISSEN,1
NLD,692,Rob ROOKEN,1
ESP,693,Leopoldo LÓPEZ GIL,1
NLD,694,Tom BERENDSEN,1
ESP,695,José Ramón BAUZÁ DÍAZ,1
NLD,696,Bart GROOTHUIS,0
NLD,697,Malik AZMANI,1
NLD,698,Mohammed CHAHIM,1
LVA,699,Andris AMERIKS,1
ESP,700,Susana SOLÍS PÉREZ,1
ESP,701,Eugenia RODRÍGUEZ PALOP,1
ITA,702,Susanna CECCARDI,1
ITA,703,Antonio Maria RINALDI,1
ITA,704,Anna BONFRISCO,1
ITA,705,Simona BALDASSARRE,0
ITA,706,Luisa REGIMENTI,0
ITA,707,Massimiliano SMERIGLIO,1
ITA,708,Daniela RONDINELLI,1
ITA,709,Chiara GEMMA,1
ITA,710,Mario FURORE,1
ITA,711,Massimo CASANOVA,1
ITA,712,Andrea CAROPPO,0
ITA,713,Lucia VUOLO,1
ITA,714,Valentino GRANT,1
FIN,715,Eero HEINÄLUOMA,1
ITA,716,Franco ROBERTI,1
FIN,717,Ville NIINISTÖ,1
GBR,718,Andrew ENGLAND KERR,0
ITA,719,Dino GIARRUSSO,1
FIN,720,Silvia MODIG,1
ITA,721,Annalisa TARDINO,1
GBR,722,John LONGWORTH,0
ITA,723,Pietro BARTOLO,1
GBR,724,Lucy Elizabeth HARRIS,0
LVA,725,Nils UŠAKOVS,1
GBR,726,Shaffaq MOHAMMED,0
GBR,727,Magid MAGID,0
GBR,728,Jake PUGH,0
GBR,729,Louis STEDMAN-BRYCE,0
GBR,730,Sheila RITCHIE,0
GBR,731,Naomi LONG,0
IRL,732,Mick WALLACE,1
IRL,733,Billy KELLEHER,1
GRC,734,Alexis GEORGOULIS,1
ITA,735,Nicola PROCACCINI,1
ITA,736,Francesca DONATO,1
ITA,737,Giuseppe MILAZZO,1
ITA,738,Raffaele STANCANELLI,1
ITA,739,Matteo ADINOLFI,1
ESP,740,Idoia VILLANUEVA RUIZ,1
ESP,741,Manu PINEDA,1
ESP,742,Jorge BUXADÉ VILLALBA,1
ESP,743,Hermann TERTSCH,1
ESP,744,Diana RIBA I GINER,1
LTU,745,Aušra SEIBUTYTĖ,1
BGR,746,Alexander ALEXANDROV YORDANOV,1
LTU,747,Stasys JAKELIŪNAS,1
LTU,748,Juozas OLEKAS,1
BGR,749,Radan KANEV,1
LTU,750,Rasa JUKNEVIČIENĖ,1
LTU,751,Liudas MAŽYLIS,1
BGR,752,Elena YONCHEVA,1
LTU,753,Andrius KUBILIUS,1
BGR,754,Petar VITANOV,1
BGR,755,Tsvetelina PENKOVA,1
BGR,756,Ivo HRISTOV,1
BGR,757,Atidzhe ALIEVA-VELI,1
BGR,758,Andrey SLABAKOV,1
IRL,759,Maria WALSH,1
NLD,760,Samira RAFAELA,1
NLD,761,Liesje SCHREINEMACHER,0
NLD,762,Kim VAN SPARRENTAK,1
IRL,763,Grace O'SULLIVAN,1
HUN,764,László TRÓCSÁNYI,1
HRV,765,Ivan Vilibor SINČIĆ,1
HUN,766,Márton GYÖNGYÖSI,1
ESP,767,Mazaly AGUILAR,1
AUT,768,Roman HAIDER,1
ROU,769,Mihai TUDOSE,1
ESP,770,Estrella DURÁ FERRANDIS,1
GRC,771,Emmanouil FRAGKOS,0
DNK,772,Marianne VIND,1
PRT,773,Isabel CARVALHAIS,0
HRV,774,Sunčana GLAVAK,0
LUX,775,Marc ANGEL,0
ROU,776,Gheorghe-Vlad NISTOR,0
ESP,777,Carles PUIGDEMONT I CASAMAJÓ,1
ESP,778,Antoni COMÍN I OLIVERES,1
DNK,779,Linea SØGAARD-LIDELL,0
IRL,780,Barry ANDREWS,0
ITA,781,Salvatore DE MEO,0
ITA,782,Vincenzo SOFO,0
FIN,783,Alviina ALAMETSÄ,0
SVK,784,Miriam LEXMANN,0
POL,785,Dominik TARCZYŃSKI,0
AUT,786,Christian SAGARTZ,0
GBR,787,Heather ANDERSON,0
ESP,788,Adrián VÁZQUEZ LÁZARA,0
ESP,789,Marcos ROS SEMPERE,0
ESP,790,Margarita DE LA PISA CARRIÓN,0
FRA,791,Ilana CICUREL,0
FRA,792,Nora MEBAREK,0
FRA,793,Sandro GOZI,0
FRA,794,Claude GRUFFAT,0
FRA,795,Jean-Lin LACAPELLE,0
ESP,796,Clara PONSATÍ OBIOLS,0
EST,797,Riho TERRAS,0
NLD,798,Dorien ROOKMAKER,0
IRL,799,Chris MACMANUS,0
DEU,800,Manuela RIPA,0
BEL,801,Sara MATTHIEU,0
MLT,802,Cyrus ENGERER,0
ROU,803,Vlad GHEORGHE,0
IRL,804,Colm MARKEY,0
ROU,805,Alin MITUȚA,0
HUN,806,Ernő SCHALLER-BAROSS,0
SWE,807,Emma WIESNER,0
NLD,808,Thijs REUTEN,0
NLD,809,Michiel HOOGEVEEN,0
HRV,810,Ladislav ILČIĆ,0
DEU,811,Karolin BRAUNSBERGER-REINHOLD,0
DEU,812,Karsten LUCKE,0
SWE,813,Ilan DE BASSO,0
DEU,814,Malte GALLÉE,0
NLD,815,Catharina RINZEMA,0
DEU,816,René REPASI,0
ITA,817,Camilla LAURETI,0
DEU,818,Jan OVELGÖNNE,0
SVN,819,Matjaž NEMEC,0
FRA,820,Max ORVILLE,0
FRA,821,Marie DAUCHY,0
FRA,822,Eric MINARDI,0
FRA,823,Patricia CHAGNON,0
FRA,824,Marina MESURE,0
PRT,825,João ALBUQUERQUE,0
ESP,826,Eva Maria POPTCHEVA,0
DEU,827,Matthias ECKE,0
SWE,828,Carina OHLSSON,0
SWE,829,Johan NISSINEN,0
AUT,830,Theresa BIELOWSKI,0
ITA,831,Matteo GAZZINI,0
ITA,832,Paola GHIDONI,0
ITA,833,Achille VARIATI,0
ITA,834,Maria Angela DANZÌ,0
ITA,835,Denis NESCI,0
ITA,836,Elisabetta DE BLASIS,0
CYP,837,Eleni STAVROU,0
DNK,838,Erik POULSEN,0
DNK,839,Bergur Løkke RASMUSSEN,0
ITA,840,Beatrice COVASSI,0
ITA,841,Maria Veronica ROSSI,0
ITA,842,Francesca PEPPUCCI,0
GRC,843,Nikos PAPANDREOU,0
FRA,844,Christophe CLERGEAU,0
DEU,845,Thomas RUDNER,0
FRA,846,Catherine AMALRIC,0
NLD,847,Anja HAGA,0
ESP,848,Laura BALLARÍN CEREZA,0
ESP,849,Ana COLLADO JIMÉNEZ,0
FRA,850,Laurence SAILLIET,0
FRA,851,Lydie MASSARD,0
AUT,852,Wolfram PIRCHNER,0
LUX,853,Martine KEMP,0
SVK,854,Jozef MIHÁL,0
POL,855,Witold PAHL,0
POL,856,Włodzimierz KARPIŃSKI,0
POL,857,Rafał ROMANOWSKI,0
ESP,858,Patricia CARO MAYA,0
FRA,859,François THIOLLET,0
ESP,860,Esther SANZ SELVA,0
DEU,861,Michael KAUCH,0
POL,862,Krzysztof BREJZA,0
FRA,863,Guy LAVOCAT,0
DEU,864,Niels GEUKING,0
SWE,865,Linus GLANZELIUS,0
NLD,866,Henk Jan ORMEL,0
PRT,867,Anabela RODRIGUES,0
PRT,868,Vasco BECKER-WEINBERG,0
PRT,869,Ana Miguel DOS SANTOS,0
PRT,870,Vânia NETO,0
PRT,871,Teófilo SANTOS,0
PRT,872,Ricardo MORGADO,0
