name,bill_19,bill_28,bill_112,bill_306,bill_307,bill_420,bill_437,bill_448,bill_470,bill_567,bill_643,bill_743,bill_790,bill_830,bill_837,bill_884,bill_1058,bill_1072,bill_1213,bill_1221,bill_1245,bill_1246,bill_1372,bill_1624,bill_1652,bill_1676,bill_1707,bill_1723,bill_1853,bill_1870,bill_1871,bill_1872
Charles GOERENS (LUX-RENEW),1,1,1,1,1,1,0,1,1,1,0,1,1,1,1,1,1,1,1,1,1,1,1,1,1,1,1,1,1,1,1,1
Bill NEWTON DUNN (GBR-RENEW),1,0,0,0,0,0,0,0,0,0,0,0,0,0,0,0,0,0,0,0,0,0,0,0,0,0,0,0,0,0,0,0
Constanze KREHL (DEU-SD),1,1,1,1,1,1,0,1,1,1,0,1,1,1,1,0,1,1,0,0,0,0,0,0,0,0,0,0,0,0,0,0
Carlos COELHO (PRT-EPP),0,0,0,0,0,0,0,0,0,0,0,0,0,0,0,0,0,0,0,0,0,0,0,1,1,1,1,0,1,1,1,1
Bernd LANGE (DEU-SD),1,1,1,1,1,1,0,1,1,1,0,1,1,1,1,0,0,0,1,1,1,1,1,0,1,1,1,1,1,0,1,0
Evelyne GEBHARDT (DEU-SD),1,1,1,1,1,1,0,1,1,1,0,1,1,0,0,0,0,0,0,0,0,0,0,0,0,0,0,0,0,0,0,0
Markus FERBER (DEU-EPP),0,1,1,0,1,1,0,1,1,1,0,0,1,1,1,0,1,1,1,1,0,1,1,0,1,1,1,0,1,1,1,1
Peter LIESE (DEU-EPP),1,1,1,0,1,1,0,1,1,1,0,0,1,1,1,0,1,1,1,1,0,1,1,1,1,1,1,0,1,1,1,1
José Manuel GARCÍA-MARGALLO Y MARFIL (ESP-EPP),1,1,1,0,1,1,0,1,1,1,0,0,1,1,1,0,1,1,1,0,0,1,1,0,0,1,1,0,1,1,1,1
Heidi HAUTALA (FIN-GREEN_EFA),1,1,0,0,1,1,0,0,1,1,1,1,1,1,1,0,1,1,1,1,1,1,1,1,1,0,1,1,0,0,1,0
Antonio TAJANI (ITA-EPP),1,1,1,0,0,1,0,1,1,1,0,0,1,1,1,0,1,1,0,0,0,0,0,0,0,0,0,0,0,0,0,0
Richard CORBETT (GBR-SD),1,1,0,0,0,0,0,0,0,0,0,0,0,0,0,0,0,0,0,0,0,0,0,0,0,0,0,0,0,0,0,0
Rainer WIELAND (DEU-EPP),1,0,1,0,1,1,0,1,1,1,0,0,1,1,1,0,1,1,0,1,0,1,1,0,1,1,1,0,1,1,1,1
Michael GAHLER (DEU-EPP),1,0,1,0,1,1,0,1,1,1,0,0,1,1,1,0,1,1,1,0,0,1,1,0,1,1,1,0,1,1,1,1
Othmar KARAS (AUT-EPP),1,1,1,1,1,1,0,1,1,1,0,0,1,1,1,1,1,0,1,1,0,0,1,1,1,1,1,0,0,0,0,0
Frédérique RIES (BEL-RENEW),1,1,1,1,1,1,0,1,1,1,0,1,1,1,1,1,1,1,1,1,1,1,1,0,0,0,0,0,1,1,1,1
Udo BULLMANN (DEU-SD),1,0,1,1,1,1,0,1,1,1,0,1,1,1,1,0,1,1,1,0,1,1,1,1,1,0,1,1,0,0,1,0
Angelika NIEBLER (DEU-EPP),1,0,1,0,1,1,0,1,1,1,0,0,1,1,1,0,1,1,1,1,0,1,1,0,1,1,1,0,1,1,1,1
María Soraya RODRÍGUEZ RAMOS (ESP-RENEW),1,1,1,1,1,1,0,1,1,1,0,1,1,1,1,1,1,1,1,1,1,1,1,1,1,1,1,1,1,1,1,1
Silvio BERLUSCONI (ITA-EPP),0,0,0,0,1,1,0,1,0,0,0,0,1,1,1,0,0,0,0,0,0,0,0,0,0,0,0,0,0,0,0,0
Raffaele FITTO (ITA-ECR),0,1,0,0,0,0,0,0,0,1,0,0,0,0,1,0,1,0,0,0,0,0,0,0,0,0,0,0,0,0,0,0
Geoffrey VAN ORDEN (GBR-ECR),0,0,0,0,0,0,0,0,0,0,0,0,0,0,0,0,0,0,0,0,0,0,0,0,0,0,0,0,0,0,0,0
Claude MORAES (GBR-SD),1,1,0,0,0,0,0,0,0,0,0,0,0,0,0,0,0,0,0,0,0,0,0,0,0,0,0,0,0,0,0,0
Nigel FARAGE (GBR-NI),0,0,0,0,0,0,0,0,0,0,0,0,0,0,0,0,0,0,0,0,0,0,0,0,0,0,0,0,0,0,0,0
Neena GILL (GBR-SD),1,1,0,0,0,0,0,0,0,0,0,0,0,0,0,0,0,0,0,0,0,0,0,0,0,0,0,0,0,0,0,0
Jill EVANS (GBR-GREEN_EFA),1,0,0,0,0,0,0,0,0,0,0,0,0,0,0,0,0,0,0,0,0,0,0,0,0,0,0,0,0,0,0,0
Chris DAVIES (GBR-RENEW),1,1,0,0,0,0,0,0,0,0,0,0,0,0,0,0,0,0,0,0,0,0,0,0,0,0,0,0,0,0,0,0
Daniel HANNAN (GBR-ECR),0,0,0,0,0,0,0,0,0,0,0,0,0,0,0,0,0,0,0,0,0,0,0,0,0,0,0,0,0,0,0,0
Antonius MANDERS (NLD-EPP),1,1,0,0,1,1,0,1,1,1,0,0,1,1,1,0,1,1,1,1,0,1,1,1,1,0,1,0,1,1,1,1
Sergio BERLATO (ITA-ECR),0,0,0,0,0,0,0,0,0,1,0,0,0,0,1,0,1,0,1,0,0,1,1,0,1,0,0,0,0,0,1,0
Lara WOLTERS (NLD-SD),1,1,1,1,1,1,0,1,1,1,1,1,1,1,1,0,1,1,1,1,1,1,1,0,1,1,1,1,0,0,1,0
Brice HORTEFEUX (FRA-EPP),1,1,1,0,1,1,0,1,1,1,0,0,1,1,1,0,1,1,1,1,0,1,1,0,1,1,1,0,0,1,1,1
Kathleen VAN BREMPT (BEL-SD),1,0,1,1,1,1,0,1,1,1,0,1,1,1,1,0,1,1,1,1,1,1,1,1,1,0,1,1,0,0,1,0
Fabienne KELLER (FRA-RENEW),0,1,1,1,1,1,0,1,1,1,0,1,1,1,1,1,1,1,1,1,1,1,1,1,1,1,1,1,1,1,1,1
Kateřina KONEČNÁ (CZE-GUE_NGL),0,1,0,0,1,0,0,0,0,1,1,1,1,0,0,0,0,0,1,0,0,0,0,1,0,0,0,0,0,0,1,0
Jan ZAHRADIL (CZE-ECR),0,0,0,0,1,0,1,0,0,1,0,0,0,0,0,0,0,0,0,0,0,0,1,0,1,1,0,0,0,1,1,1
Bogusław LIBERADZKI (POL-SD),1,1,1,1,1,1,0,1,1,1,0,1,1,1,1,1,1,0,1,1,0,0,1,1,1,1,1,1,1,1,1,1
Janusz LEWANDOWSKI (POL-EPP),1,1,1,0,1,1,0,1,1,1,0,0,1,1,1,0,1,1,0,1,0,1,1,1,1,1,1,0,1,0,1,0
Adam BIELAN (POL-ECR),0,0,0,0,0,0,0,0,0,1,0,0,0,0,0,0,1,0,1,0,0,1,1,1,1,1,0,0,1,1,1,1
András GYÜRK (HUN-NI),0,1,0,0,0,1,0,1,1,1,0,0,0,0,1,0,1,0,0,0,0,0,1,0,0,1,0,0,0,0,0,0
József SZÁJER (HUN-EPP),0,1,1,0,0,0,0,0,0,0,0,0,0,0,0,0,0,0,0,0,0,0,0,0,0,0,0,0,0,0,0,0
Monika BEŇOVÁ (SVK-SD),1,1,1,1,1,1,0,1,1,1,0,1,1,1,1,1,1,1,1,0,1,1,1,0,1,1,0,0,1,1,1,1
Emmanuel MAUREL (FRA-GUE_NGL),0,1,0,0,1,0,0,0,0,1,1,1,1,0,1,0,1,1,1,0,1,0,1,1,0,0,0,0,0,0,1,0
Anne SANDER (FRA-EPP),1,1,1,0,1,1,0,1,1,1,0,0,1,1,1,0,1,1,1,1,0,1,1,0,1,1,1,0,1,1,1,1
Pascal ARIMONT (BEL-EPP),1,1,1,1,1,1,0,1,1,1,0,1,1,1,1,0,1,1,1,1,1,0,1,1,1,1,1,0,0,0,1,0
Ana MIRANDA (ESP-GREEN_EFA),0,0,0,0,0,0,0,0,0,0,0,0,0,0,0,0,0,0,1,0,1,0,1,1,1,0,0,0,0,0,1,0
Lefteris CHRISTOFOROU (CYP-EPP),1,1,1,0,1,1,0,1,1,1,0,0,1,1,1,1,1,0,0,0,0,0,0,0,0,0,0,0,0,0,0,0
Edina TÓTH (HUN-NI),0,1,0,0,0,1,0,1,1,1,0,0,0,0,1,0,1,0,1,1,0,0,1,0,1,1,0,0,1,0,1,0
Mairead McGUINNESS (IRL-EPP),1,1,0,0,0,0,0,0,0,0,0,0,0,0,0,0,0,0,0,0,0,0,0,0,0,0,0,0,0,0,0,0
David CASA (MLT-EPP),1,0,1,0,1,1,0,1,1,1,0,0,1,0,0,1,1,0,1,1,1,1,1,1,1,1,1,0,1,1,1,1
Lívia JÁRÓKA (HUN-NI),0,0,1,0,0,1,0,1,1,1,0,0,0,0,1,0,1,0,1,1,0,0,1,0,1,0,0,0,0,0,0,0
Kinga GÁL (HUN-NI),0,0,0,0,0,1,0,1,1,1,0,0,0,0,1,0,1,0,1,0,0,0,1,0,0,1,0,0,1,0,1,0
Margrete AUKEN (DNK-GREEN_EFA),1,1,1,0,1,1,0,0,1,1,1,1,1,1,1,0,1,1,1,0,1,1,1,1,1,0,1,1,0,0,1,0
Daniel CASPARY (DEU-EPP),0,1,1,0,1,1,0,1,1,1,0,0,1,1,1,0,1,1,1,1,0,0,1,0,1,0,0,0,1,1,1,1
Andreas SCHWAB (DEU-EPP),1,1,0,0,1,1,0,1,1,1,0,0,1,1,1,0,1,1,1,1,0,1,1,0,1,1,1,0,1,1,1,1
Markus PIEPER (DEU-EPP),1,0,1,0,0,1,0,1,1,1,0,0,1,1,1,0,1,1,0,1,0,1,1,0,1,1,0,0,0,0,1,0
Christian EHLER (DEU-EPP),1,1,1,0,1,1,0,1,1,1,0,0,1,1,1,0,1,1,1,1,0,0,1,0,1,0,0,0,1,1,1,1
Manfred WEBER (DEU-EPP),1,1,1,0,1,1,0,1,1,1,0,0,1,1,1,0,0,1,1,0,0,1,1,0,0,1,1,0,1,1,1,1
Sophia IN 'T VELD (NLD-RENEW),1,1,1,1,1,1,0,1,1,1,0,1,1,1,1,1,1,1,1,1,1,1,1,1,1,1,1,1,1,1,1,1
Jerzy BUZEK (POL-EPP),1,1,1,1,1,1,0,0,1,1,0,0,1,1,1,0,1,1,1,0,0,0,1,1,0,1,1,0,1,1,1,1
Jan OLBRYCHT (POL-EPP),1,1,1,0,1,1,0,1,1,1,0,0,1,1,1,0,1,1,1,1,0,1,1,1,1,1,1,0,1,1,1,1
Ljudmila NOVAK (SVN-EPP),1,0,1,0,1,1,0,1,1,1,0,0,1,1,1,0,1,1,1,1,0,1,1,1,1,1,1,0,1,1,1,1
Jacek SARYUSZ-WOLSKI (POL-ECR),0,0,0,0,0,0,0,0,0,1,0,0,0,0,0,0,0,0,1,0,0,1,1,0,1,1,0,0,1,1,1,1
Iratxe GARCÍA PÉREZ (ESP-SD),1,1,1,1,1,1,0,1,1,1,0,1,1,1,1,0,1,1,1,0,1,1,0,1,1,0,1,1,1,1,1,1
Patrizia TOIA (ITA-SD),0,1,1,1,1,1,0,1,1,1,0,1,1,1,1,0,1,1,0,0,1,1,1,1,1,1,1,1,0,0,1,0
Mercedes BRESSO (ITA-SD),0,0,0,0,0,0,0,0,0,0,0,0,0,0,0,0,0,0,0,0,0,0,1,1,1,1,1,1,0,0,1,0
Javier MORENO SÁNCHEZ (ESP-SD),1,1,1,1,1,1,0,1,1,1,0,1,1,1,1,0,1,1,1,0,1,1,1,1,1,0,1,1,0,1,1,1
Anna FOTYGA (POL-ECR),0,1,0,0,0,0,0,0,0,1,0,0,0,0,0,0,1,0,1,0,0,0,1,1,0,1,0,0,0,1,1,1
Ryszard CZARNECKI (POL-ECR),0,1,0,0,0,0,0,0,0,1,0,0,0,0,0,0,1,0,1,0,0,1,1,1,1,1,0,0,1,1,1,1
Zbigniew KUŹMIUK (POL-ECR),0,1,0,0,0,0,0,0,0,1,0,0,0,0,0,0,1,0,1,0,0,1,1,0,0,0,0,0,0,0,0,0
Pilar del CASTILLO VERA (ESP-EPP),0,1,1,0,1,1,0,1,1,1,0,0,1,1,1,0,0,1,0,1,1,0,1,0,1,1,0,0,1,1,1,1
Antonio LÓPEZ-ISTÚRIZ WHITE (ESP-EPP),1,1,0,0,1,1,0,1,1,1,0,0,1,1,1,0,1,1,1,0,0,1,1,0,1,1,1,0,1,1,1,1
Francisco José MILLÁN MON (ESP-EPP),1,1,1,0,1,1,0,1,1,1,0,0,1,1,1,0,1,1,1,0,0,1,1,0,1,1,1,0,1,1,1,1
Alessandra MUSSOLINI (ITA-EPP),0,0,0,0,0,0,0,0,0,0,0,0,0,0,0,0,0,0,1,1,0,1,1,0,0,1,0,0,0,0,1,0
Alyn SMITH (GBR-GREEN_EFA),1,0,0,0,0,0,0,0,0,0,0,0,0,0,0,0,0,0,0,0,0,0,0,0,0,0,0,0,0,0,0,0
Dimitrios PAPADIMOULIS (GRC-GUE_NGL),0,1,0,0,1,0,0,0,0,1,1,1,1,0,1,0,1,1,1,0,1,0,1,1,0,0,0,0,0,0,1,0
Roberts ZĪLE (LVA-ECR),0,1,0,1,0,1,0,1,0,1,0,0,0,0,0,0,1,0,1,0,0,1,1,0,0,1,0,0,0,0,0,0
Inese VAIDERE (LVA-EPP),1,0,1,0,1,1,0,1,1,1,0,0,1,1,1,0,1,1,1,1,0,1,1,0,1,1,1,0,1,1,1,1
Tatjana ŽDANOKA (LVA-GREEN_EFA),1,1,1,0,1,1,0,0,1,1,1,1,1,1,1,0,0,0,1,0,0,0,1,1,0,0,0,0,0,0,1,0
Marc TARABELLA (BEL-SD),1,1,1,1,1,1,0,0,1,1,0,1,1,1,1,0,1,1,0,0,0,0,1,1,1,1,1,1,1,1,1,1
Younous OMARJEE (FRA-GUE_NGL),0,1,0,0,1,0,0,0,0,1,1,1,1,0,1,0,1,1,1,0,1,0,1,1,1,0,0,0,0,0,1,0
Aileen McLEOD (GBR-GREEN_EFA),1,1,0,0,0,0,0,0,0,0,0,0,0,0,0,0,0,0,0,0,0,0,0,0,0,0,0,0,0,0,0,0
Marian-Jean MARINESCU (ROU-EPP),1,1,1,0,1,1,0,1,1,1,0,0,1,1,1,0,1,1,1,1,0,1,1,1,1,1,1,0,1,1,1,1
Corina CREȚU (ROU-SD),1,1,1,0,0,1,0,0,1,1,0,1,1,1,1,0,1,1,1,0,1,1,1,1,1,1,0,0,0,0,0,0
Robert HAJŠEL (SVK-SD),1,1,1,1,1,1,0,1,1,1,0,1,1,1,1,0,1,1,1,0,1,1,1,1,1,1,1,1,1,1,1,1
Marco CAMPOMENOSI (ITA-ID),0,1,0,0,0,1,1,0,0,1,0,0,1,0,1,0,0,0,1,0,0,0,1,0,1,0,0,0,0,0,1,0
Aldo PATRICIELLO (ITA-EPP),0,1,0,0,1,1,0,1,1,1,0,0,1,1,1,0,0,0,1,0,0,0,0,0,1,0,0,0,0,0,0,0
Kati PIRI (NLD-SD),1,0,1,1,1,1,0,1,1,0,0,0,0,0,0,0,0,0,0,0,0,0,0,0,0,0,0,0,0,0,0,0
Christel SCHALDEMOSE (DNK-SD),0,1,1,1,0,1,0,1,1,1,0,1,1,1,1,0,1,1,1,1,0,1,1,1,1,1,1,0,1,1,1,1
Adina-Ioana VĂLEAN (ROU-EPP),1,0,0,0,0,0,0,0,0,0,0,0,0,0,0,0,0,0,0,0,0,0,0,0,0,0,0,0,0,0,0,0
Esther DE LANGE (NLD-EPP),1,1,0,0,1,1,0,1,1,1,0,0,1,1,1,0,0,1,1,0,0,1,1,1,1,0,0,0,0,0,0,0
Cristian-Silviu BUŞOI (ROU-EPP),0,0,1,0,1,1,0,1,1,1,0,0,1,1,1,0,1,1,0,0,0,1,1,0,1,1,1,0,1,1,1,1
Georg MAYER (AUT-ID),0,1,0,0,0,0,1,0,0,1,0,0,1,0,0,0,0,0,0,0,0,0,0,0,1,0,0,0,0,0,1,0
Johan DANIELSSON (SWE-SD),1,1,1,1,1,1,0,1,1,1,0,1,0,0,0,0,0,0,0,0,0,0,0,0,0,0,0,0,0,0,0,0
Rovana PLUMB (ROU-SD),1,1,1,1,1,1,0,1,1,1,0,1,1,1,1,0,1,1,1,1,1,1,1,0,1,1,1,1,1,1,1,1
Iuliu WINKLER (ROU-EPP),1,1,1,0,1,1,0,1,1,1,0,0,1,1,1,0,1,0,1,1,0,0,1,0,1,1,1,0,1,0,1,0
Sirpa PIETIKÄINEN (FIN-EPP),1,0,1,0,1,1,0,1,1,1,0,0,1,1,1,1,1,0,1,1,1,1,1,1,1,1,1,0,1,1,1,1
Nicolae ŞTEFĂNUȚĂ (ROU-RENEW),1,0,1,1,1,1,0,1,1,1,0,1,1,1,1,1,1,1,1,0,1,1,1,0,1,0,0,0,0,0,0,0
Jan HUITEMA (NLD-RENEW),0,1,1,0,0,0,0,0,1,1,0,0,1,0,1,0,1,1,1,1,0,1,1,0,1,1,1,0,1,1,1,1
Nadine MORANO (FRA-EPP),1,1,1,0,1,1,0,1,1,1,0,0,1,1,1,0,1,1,0,1,0,1,1,0,1,1,1,0,1,1,1,1
Anna CAVAZZINI (DEU-GREEN_EFA),1,1,1,0,1,1,0,0,1,1,1,1,1,1,1,0,1,1,1,1,1,1,1,1,1,0,1,1,0,0,1,0
José GUSMÃO (PRT-GUE_NGL),0,0,0,0,1,0,0,0,0,1,1,1,1,0,1,0,0,1,1,0,1,0,1,1,0,0,0,0,0,0,1,0
Victor NEGRESCU (ROU-SD),0,0,1,1,1,1,0,1,1,1,0,1,1,1,1,0,1,1,1,0,1,1,1,1,0,1,1,1,1,1,1,1
Catherine GRISET (FRA-ID),0,1,0,0,0,0,1,0,0,1,0,0,1,0,0,0,0,0,0,0,0,0,1,0,1,0,0,0,0,0,1,0
Jeroen LENAERS (NLD-EPP),1,1,0,0,1,1,0,1,1,1,0,0,1,1,1,0,0,0,1,1,0,1,1,1,1,1,1,0,1,1,1,1
Helmut SCHOLZ (DEU-GUE_NGL),0,1,0,0,1,0,0,0,0,1,1,1,0,0,1,0,1,1,1,0,0,0,1,1,0,0,0,0,0,0,1,0
Philippe LAMBERTS (BEL-GREEN_EFA),1,1,1,0,1,1,0,0,1,1,1,1,1,1,1,0,0,1,1,1,1,1,1,1,1,0,1,1,0,0,1,0
Katarína ROTH NEVEĎALOVÁ (SVK-SD),0,0,0,0,0,0,0,0,0,0,0,0,0,0,0,0,0,0,1,1,1,1,1,0,1,1,0,0,1,1,1,1
Seán KELLY (IRL-EPP),1,1,1,0,1,1,0,1,1,1,0,0,1,0,1,1,1,0,1,1,1,1,1,1,1,1,1,0,1,1,1,1
Vilija BLINKEVIČIŪTĖ (LTU-SD),1,1,1,1,1,1,0,1,1,1,0,1,1,1,1,0,1,1,1,1,1,1,1,1,1,1,1,1,1,1,1,1
Waldemar TOMASZEWSKI (LTU-ECR),0,1,1,0,0,1,0,0,0,1,0,0,0,0,0,0,1,0,1,0,1,0,1,0,1,1,0,0,1,1,1,1
Viktor USPASKICH (LTU-NI),1,0,1,1,1,1,0,1,1,1,0,1,0,1,1,1,0,0,0,0,0,0,1,0,0,0,0,0,0,0,0,0
João FERREIRA (PRT-GUE_NGL),0,1,0,0,0,0,0,0,0,1,0,0,0,0,0,0,0,0,0,0,0,0,0,0,0,0,0,0,0,0,0,0
Oriol JUNQUERAS I VIES (ESP-NI),0,0,0,0,0,0,0,0,0,0,0,0,0,0,0,0,0,0,0,0,0,0,0,0,0,0,0,0,0,0,0,0
Morten LØKKEGAARD (DNK-RENEW),0,1,0,0,0,1,0,1,0,1,0,0,1,0,1,0,1,1,0,1,0,1,1,0,0,0,1,0,1,1,1,1
Pascal CANFIN (FRA-RENEW),1,0,1,1,1,1,0,1,1,1,0,1,1,1,1,1,1,1,1,1,1,1,1,0,1,1,0,0,0,0,1,1
Evžen TOŠENOVSKÝ (CZE-ECR),0,0,0,0,0,0,1,0,0,1,0,0,0,0,0,0,1,0,0,0,0,0,1,0,1,1,0,0,0,1,1,1
Bas EICKHOUT (NLD-GREEN_EFA),1,1,1,0,1,1,0,0,1,1,1,1,1,1,1,1,1,1,1,1,1,1,1,1,1,0,1,1,0,0,1,0
Sven GIEGOLD (DEU-GREEN_EFA),1,1,1,0,1,1,0,0,1,1,1,1,1,0,0,0,0,0,0,0,0,0,0,0,0,0,0,0,0,0,0,0
Ska KELLER (DEU-GREEN_EFA),0,1,1,0,1,1,0,0,1,1,1,1,1,1,1,0,0,0,1,0,1,1,1,1,1,0,1,1,0,0,1,0
Reinhard BÜTIKOFER (DEU-GREEN_EFA),1,0,1,0,1,1,0,0,1,1,1,1,1,1,0,0,1,1,1,0,1,1,0,1,1,0,1,1,0,0,1,0
Yannick JADOT (FRA-GREEN_EFA),1,1,1,0,1,1,0,0,1,1,1,1,1,1,1,0,1,1,1,1,1,1,1,0,0,0,0,0,0,0,0,0
Michèle RIVASI (FRA-GREEN_EFA),1,1,1,0,1,1,0,0,1,1,1,1,1,1,1,0,1,1,1,0,0,0,0,0,0,0,0,0,0,0,0,0
Arnaud DANJEAN (FRA-EPP),1,1,1,0,1,1,0,1,1,1,0,0,1,1,1,0,1,1,1,1,0,1,1,0,1,1,1,0,0,0,0,0
François ALFONSI (FRA-GREEN_EFA),1,1,1,0,1,1,0,0,1,1,1,1,1,1,1,0,1,1,1,1,1,1,1,1,0,0,1,1,0,0,1,0
Martin HÄUSLING (DEU-GREEN_EFA),1,1,1,0,1,1,0,0,1,1,1,1,1,1,1,0,1,1,1,0,1,1,1,0,1,0,1,1,0,0,1,0
Sabine VERHEYEN (DEU-EPP),1,1,1,0,1,1,0,1,1,1,0,0,1,1,1,0,1,1,1,0,0,1,1,0,0,1,1,0,1,1,1,1
Axel VOSS (DEU-EPP),0,0,1,0,1,1,0,1,1,1,0,0,1,1,1,0,1,1,1,0,0,1,1,0,1,1,1,0,1,1,1,1
Jarosław KALINOWSKI (POL-EPP),1,0,1,0,1,1,0,1,1,1,0,0,1,1,1,0,1,1,0,1,0,1,1,0,1,1,1,0,1,1,1,1
Peter JAHR (DEU-EPP),0,1,1,0,1,1,0,1,1,1,0,0,1,1,1,0,1,1,1,1,0,1,1,0,1,1,1,0,1,1,1,1
Lara COMI (ITA-EPP),0,0,0,0,0,0,0,0,0,0,0,0,0,0,0,0,0,0,1,1,0,1,0,0,0,0,1,0,1,1,1,0
Róża THUN UND HOHENSTEIN (POL-RENEW),1,1,1,0,1,0,0,1,1,1,0,0,1,1,1,1,1,1,1,0,1,1,1,1,1,1,1,1,1,1,1,1
Danuta Maria HÜBNER (POL-EPP),1,1,1,0,1,1,0,1,1,1,0,0,1,1,1,0,1,1,1,0,0,1,1,1,1,1,1,0,1,1,1,1
Monika HOHLMEIER (DEU-EPP),1,0,1,0,1,1,0,1,1,1,0,0,1,1,1,0,1,1,1,0,0,1,1,0,1,1,1,0,0,0,0,0
Herbert DORFMANN (ITA-EPP),1,1,1,0,1,1,0,1,1,1,0,0,1,1,1,0,1,1,1,1,0,1,1,1,1,1,1,0,1,1,1,1
Elżbieta Katarzyna ŁUKACIJEWSKA (POL-EPP),0,1,1,0,1,1,0,1,1,1,0,0,1,1,1,0,0,0,1,1,0,1,1,1,1,1,1,0,1,1,1,1
Ryszard Antoni LEGUTKO (POL-ECR),0,1,0,0,0,0,0,0,0,1,0,0,0,0,0,0,1,0,1,0,0,1,1,0,0,1,0,0,1,1,1,1
Tomasz Piotr PORĘBA (POL-ECR),0,1,0,0,0,0,0,0,0,1,0,0,0,0,0,0,1,0,1,0,0,1,1,1,1,1,0,0,1,1,1,1
Pablo ARIAS ECHEVERRÍA (ESP-EPP),1,1,1,0,1,1,0,1,1,1,0,0,1,1,1,0,1,1,1,1,0,1,1,0,0,1,1,0,1,1,1,1
Peter van DALEN (NLD-EPP),1,1,1,0,0,1,0,0,0,1,0,0,1,0,0,0,1,0,0,1,0,0,1,0,0,0,0,0,0,0,0,0
Carlo FIDANZA (ITA-ECR),0,1,0,0,0,0,0,0,0,1,0,0,0,0,1,0,1,0,1,0,0,1,1,0,1,0,0,0,0,0,1,0
Rosa ESTARÀS FERRAGUT (ESP-EPP),0,1,1,0,1,0,0,1,1,1,0,0,1,1,1,0,1,1,1,0,0,1,1,0,1,1,1,0,1,1,1,1
Juan Fernando LÓPEZ AGUILAR (ESP-SD),1,1,1,1,1,1,0,1,1,1,0,1,1,1,1,0,1,1,1,1,1,0,1,1,1,1,1,1,1,1,1,1
Marisa MATIAS (PRT-GUE_NGL),0,1,0,0,1,0,0,0,0,1,1,1,1,0,1,0,0,0,1,0,1,0,1,1,0,0,0,0,0,0,0,0
Tamás DEUTSCH (HUN-NI),0,1,0,0,0,1,0,1,1,1,0,0,0,0,1,0,1,0,1,0,0,0,1,0,1,0,0,0,1,0,1,0
Ádám KÓSA (HUN-NI),0,1,1,0,0,1,0,1,1,1,0,0,0,0,1,0,1,0,1,1,0,0,1,0,1,1,0,0,1,1,1,0
Enikő GYŐRI (HUN-NI),0,1,0,0,0,1,0,1,1,1,0,0,0,0,1,0,1,0,1,1,0,0,1,0,1,1,0,0,1,0,1,0
Jens GEIER (DEU-SD),1,1,1,1,1,1,0,1,1,1,0,1,1,1,1,0,0,0,1,1,1,1,1,1,1,0,1,1,1,1,1,1
Petra KAMMEREVERT (DEU-SD),1,0,1,1,1,1,0,1,1,1,0,1,1,1,1,0,1,1,1,0,1,1,0,0,1,1,1,1,0,0,0,0
Ismail ERTUG (DEU-SD),1,1,1,1,1,1,0,0,1,1,0,1,1,1,1,0,1,1,1,0,1,1,0,0,0,0,0,0,0,0,0,0
Norbert NEUSER (DEU-SD),1,1,1,1,1,1,0,1,1,1,0,1,1,0,0,0,0,0,0,0,0,0,0,0,0,0,0,0,0,0,0,0
Cornelia ERNST (DEU-GUE_NGL),0,1,0,0,1,0,0,0,0,1,1,1,0,0,1,0,0,1,0,0,1,0,0,1,0,0,0,0,0,0,1,0
David Maria SASSOLI (ITA-SD),0,0,0,0,0,0,0,0,0,0,0,0,0,0,0,0,0,0,0,0,0,0,0,0,0,0,0,0,0,0,0,0
Maria da Graça CARVALHO (PRT-EPP),1,1,1,0,1,1,0,1,1,1,0,0,1,1,1,0,1,1,1,1,1,1,1,1,1,0,1,0,0,0,0,0
Karima DELLI (FRA-GREEN_EFA),1,1,1,0,1,1,0,0,1,1,1,1,1,1,1,0,1,1,0,1,1,1,1,1,1,0,1,1,0,0,1,0
Andrea COZZOLINO (ITA-SD),1,1,1,1,1,1,0,1,1,1,0,1,1,1,1,0,1,1,0,0,0,0,0,0,1,0,0,1,0,0,1,0
Dominique RIQUET (FRA-RENEW),1,1,1,1,1,1,0,1,1,1,0,1,1,1,1,1,1,1,1,1,1,1,1,1,1,1,1,1,1,1,1,1
Paolo DE CASTRO (ITA-SD),1,0,1,1,1,1,0,1,1,1,0,1,1,1,1,0,1,1,1,0,1,1,1,1,1,1,1,1,0,0,1,0
José Manuel FERNANDES (PRT-EPP),1,1,1,0,1,1,0,1,1,1,0,0,1,1,1,0,1,1,1,1,1,1,1,1,1,1,1,0,0,0,0,0
Paulo RANGEL (PRT-EPP),1,1,1,0,1,1,0,1,1,1,0,0,1,1,1,0,0,0,1,1,1,1,1,1,1,1,0,0,0,0,0,0
Tanja FAJON (SVN-SD),0,0,1,1,1,1,0,1,1,1,1,1,1,1,1,0,0,0,0,0,0,0,0,0,0,0,0,0,0,0,0,0
Izaskun BILBAO BARANDICA (ESP-RENEW),1,1,1,1,1,1,0,1,1,1,0,1,1,1,1,0,1,1,1,1,1,1,1,1,1,1,0,0,1,1,1,1
Birgit SIPPEL (DEU-SD),1,1,1,0,0,1,0,1,1,1,0,1,1,1,1,0,1,1,1,0,1,1,1,1,1,1,1,1,0,0,0,0
Milan ZVER (SVN-EPP),1,1,1,0,1,1,0,1,1,1,0,0,1,1,1,0,1,1,1,1,0,1,1,1,0,1,1,0,1,1,1,1
Sandra KALNIETE (LVA-EPP),1,1,1,0,1,1,0,1,1,1,0,0,1,1,1,0,0,0,1,1,0,1,1,0,1,1,1,0,1,1,1,1
Gabriel MATO (ESP-EPP),0,0,1,1,1,1,0,1,1,1,0,0,1,1,1,0,1,1,1,1,0,1,1,0,1,1,1,0,1,1,1,1
Diane DODDS (GBR-NI),0,0,0,0,0,0,0,0,0,0,0,0,0,0,0,0,0,0,0,0,0,0,0,0,0,0,0,0,0,0,0,0
Sylvie GUILLAUME (FRA-SD),1,1,1,0,1,1,0,0,1,1,0,1,1,1,1,0,1,1,1,0,1,1,1,0,1,1,1,1,0,0,1,0
Catherine BEARDER (GBR-RENEW),1,1,0,0,0,0,0,0,0,0,0,0,0,0,0,0,0,0,0,0,0,0,0,0,0,0,0,0,0,0,0,0
Nuno MELO (PRT-EPP),1,1,1,0,1,1,0,1,1,1,0,0,1,1,1,0,1,0,1,1,0,1,1,0,1,0,1,0,0,0,0,0
Eider GARDIAZABAL RUBIAL (ESP-SD),1,1,1,1,1,1,0,1,1,1,0,1,1,1,1,0,1,1,1,1,1,1,1,1,1,1,1,1,1,1,1,1
Evelyn REGNER (AUT-SD),1,1,1,1,1,1,0,0,1,1,1,1,1,1,1,0,1,1,1,1,1,1,0,1,1,1,1,1,0,0,1,0
Guy VERHOFSTADT (BEL-RENEW),1,0,1,1,1,1,0,1,1,1,0,1,1,1,1,1,1,1,1,0,1,1,1,1,1,1,0,0,0,1,1,1
Derk Jan EPPINK (NLD-ECR),0,1,0,0,0,0,1,0,0,0,0,0,0,0,0,0,0,0,0,0,0,0,0,0,0,0,0,0,0,0,0,0
Mara BIZZOTTO (ITA-ID),0,1,0,0,0,1,1,0,0,1,0,0,1,0,1,0,0,0,0,0,0,0,0,0,0,0,0,0,0,0,0,0
Marie TOUSSAINT (FRA-GREEN_EFA),1,1,1,0,1,1,0,0,1,1,1,1,1,1,1,0,1,1,1,1,1,1,1,1,1,0,1,1,0,0,1,0
Andrey KOVATCHEV (BGR-EPP),1,0,1,0,0,1,0,1,1,1,0,0,1,1,1,0,1,1,1,1,0,1,1,1,1,1,1,0,1,1,1,1
Eva MAYDELL (BGR-EPP),1,1,1,0,0,1,0,1,1,1,0,0,1,1,1,0,1,1,1,0,0,0,1,0,1,0,0,0,1,1,1,1
Loránt VINCZE (ROU-EPP),1,1,1,0,1,1,0,1,1,1,0,0,1,1,0,0,1,0,1,1,0,0,1,0,1,0,1,0,1,1,1,1
Alessandro PANZA (ITA-ID),0,1,0,0,0,1,1,0,0,1,0,0,1,0,1,0,0,0,1,0,0,0,1,0,1,0,0,0,0,0,1,0
Alexandra Lesley PHILLIPS (GBR-NI),0,0,0,0,0,0,0,0,0,0,0,0,0,0,0,0,0,0,0,0,0,0,0,0,0,0,0,0,0,0,0,0
Lena DÜPONT (DEU-EPP),1,1,1,0,1,1,0,1,1,1,0,0,1,1,1,0,1,1,1,0,0,1,0,0,1,0,1,0,1,1,1,1
Paolo BORCHIA (ITA-ID),0,1,0,0,0,1,1,0,0,1,0,0,1,0,1,0,0,0,1,0,0,0,1,0,0,0,0,0,0,0,1,0
Niels FUGLSANG (DNK-SD),0,0,1,1,0,1,0,1,1,1,0,1,1,1,1,0,1,1,1,1,0,1,1,1,1,1,1,0,1,1,1,1
Terry REINTKE (DEU-GREEN_EFA),1,1,1,0,1,1,0,0,1,1,1,1,1,1,1,0,1,1,1,1,1,1,1,1,1,0,1,1,0,0,1,0
Michal ŠIMEČKA (SVK-RENEW),1,0,1,1,1,1,0,1,1,1,0,1,1,1,1,1,1,1,1,0,1,1,1,0,0,0,0,0,0,0,0,0
Daniel FREUND (DEU-GREEN_EFA),1,1,1,0,1,0,0,0,1,1,1,1,1,1,1,0,1,1,1,1,1,1,1,1,1,0,1,1,0,0,1,0
Andrey NOVAKOV (BGR-EPP),1,1,1,0,0,1,0,0,1,1,0,0,1,1,1,0,1,1,1,1,0,1,1,1,1,1,1,0,1,1,1,0
Anthea McINTYRE (GBR-ECR),0,0,0,0,0,0,0,0,0,0,0,0,0,0,0,0,0,0,0,0,0,0,0,0,0,0,0,0,0,0,0,0
Phil BENNION (GBR-RENEW),1,1,0,0,0,0,0,0,0,0,0,0,0,0,0,0,0,0,0,0,0,0,0,0,0,0,0,0,0,0,0,0
Petri SARVAMAA (FIN-EPP),1,1,0,0,1,1,0,1,1,1,0,0,1,1,1,0,1,1,0,1,0,1,1,1,1,0,1,0,1,1,1,1
Tonino PICULA (HRV-SD),1,1,1,1,1,1,0,1,1,1,0,1,1,1,1,0,1,1,1,1,1,1,0,1,1,1,1,1,1,1,1,1
Romana JERKOVIĆ (HRV-SD),0,0,1,1,1,1,0,1,1,1,0,1,1,1,1,0,1,1,1,1,1,1,1,1,1,1,1,1,1,1,1,1
Biljana BORZAN (HRV-SD),1,1,1,1,1,0,0,1,1,1,0,1,1,1,1,0,1,1,1,1,1,1,1,1,1,1,1,1,1,1,1,1
Eric ANDRIEU (FRA-SD),0,0,1,0,1,1,0,0,1,1,0,1,1,1,1,0,1,1,1,0,1,1,1,0,0,0,0,0,0,0,0,0
Martina ANDERSON (GBR-GUE_NGL),0,0,0,0,0,0,0,0,0,0,0,0,0,0,0,0,0,0,0,0,0,0,0,0,0,0,0,0,0,0,0,0
Nils TORVALDS (FIN-RENEW),1,1,1,1,1,1,0,1,1,1,0,0,1,1,1,0,0,0,1,0,1,1,1,1,1,1,1,0,1,1,1,1
Roberta METSOLA (MLT-EPP),1,1,1,0,1,1,0,1,1,1,0,0,1,0,0,0,0,0,0,0,0,0,0,0,0,0,0,0,0,0,0,0
Ondřej KOVAŘÍK (CZE-RENEW),0,1,0,0,0,0,0,0,1,1,0,0,1,0,1,0,1,0,1,1,0,1,1,0,1,1,1,0,0,1,1,1
Ruža TOMAŠIĆ (HRV-ECR),0,1,0,0,0,1,0,0,0,1,0,0,0,0,0,0,0,0,0,0,0,0,0,0,0,0,0,0,0,0,0,0
Dubravka ŠUICA (HRV-EPP),1,1,0,0,0,0,0,0,0,0,0,0,0,0,0,0,0,0,0,0,0,0,0,0,0,0,0,0,0,0,0,0
Martina MICHELS (DEU-GUE_NGL),0,1,0,0,1,0,0,0,0,1,1,1,0,0,1,0,0,1,1,0,0,0,1,1,0,0,0,0,0,0,1,0
Alicia HOMS GINEL (ESP-SD),1,1,1,0,1,1,0,1,1,1,0,1,1,1,1,0,1,1,1,1,0,0,1,1,1,1,1,1,1,1,1,1
Charlie WEIMERS (SWE-ECR),0,0,0,0,0,0,0,0,0,1,0,0,1,0,0,0,0,0,1,0,0,0,0,0,0,0,0,0,0,0,0,0
Balázs HIDVÉGHI (HUN-NI),0,1,0,0,0,1,0,1,1,1,0,0,0,0,1,0,1,0,0,1,0,0,1,0,1,1,0,0,1,0,1,0
Costas MAVRIDES (CYP-SD),1,1,1,1,1,1,0,1,1,1,0,1,1,0,1,0,1,0,0,0,0,0,1,1,1,1,1,1,0,0,0,0
Demetris PAPADAKIS (CYP-SD),1,0,1,1,1,1,0,1,1,1,0,1,1,1,1,0,1,1,1,0,1,1,1,1,1,1,1,1,0,0,1,0
Pascal DURAND (FRA-RENEW),1,1,1,1,1,1,0,0,1,1,1,1,1,1,1,1,1,1,1,1,1,1,1,1,1,1,1,1,0,0,1,0
Andrus ANSIP (EST-RENEW),1,1,1,1,1,1,0,1,1,1,0,1,1,1,1,1,1,1,1,1,0,1,1,1,1,1,1,0,1,1,1,1
Jana TOOM (EST-RENEW),1,1,1,1,1,1,0,1,1,1,0,1,1,1,1,1,1,1,1,1,1,1,1,1,1,1,1,1,1,1,1,1
Luděk NIEDERMAYER (CZE-EPP),1,0,1,0,1,1,0,1,1,1,0,0,1,1,1,0,1,1,1,1,0,0,1,0,1,0,1,0,1,1,1,1
Stanislav POLČÁK (CZE-EPP),1,1,1,0,1,1,0,1,1,1,0,0,1,1,1,0,0,0,1,0,0,1,0,1,1,1,1,0,1,1,1,1
István UJHELYI (HUN-SD),0,1,1,1,1,1,0,1,1,1,0,1,1,1,1,0,0,0,1,0,1,1,1,1,1,1,0,0,1,1,1,1
Dita CHARANZOVÁ (CZE-RENEW),0,0,0,0,0,0,0,0,1,1,0,0,1,0,1,0,1,0,1,0,0,1,1,0,1,1,1,0,1,1,1,1
Martina DLABAJOVÁ (CZE-RENEW),0,0,0,0,0,0,0,0,1,1,0,0,1,0,1,0,1,0,1,1,0,1,0,0,1,1,0,0,1,1,1,1
Michaela ŠOJDROVÁ (CZE-EPP),1,0,1,0,1,1,0,1,1,1,0,0,1,1,1,0,1,1,1,0,0,1,1,0,1,1,1,0,1,1,1,1
Andrea BOCSKOR (HUN-NI),0,1,0,0,0,1,0,1,1,1,0,0,0,0,1,0,1,0,1,0,0,0,1,0,1,0,0,0,1,0,1,0
Tomáš ZDECHOVSKÝ (CZE-EPP),1,1,1,0,1,1,0,1,1,1,0,0,1,1,1,0,1,0,1,0,1,1,1,0,1,1,1,0,1,1,1,1
Andor DELI (HUN-NI),0,1,1,0,0,1,0,1,1,1,0,0,0,0,1,0,1,0,1,1,0,0,1,0,1,1,0,0,1,0,1,0
György HÖLVÉNYI (HUN-EPP),0,1,0,0,0,1,0,1,1,1,0,0,1,0,1,0,0,0,1,0,0,1,1,0,1,0,0,0,1,1,1,1
Csaba MOLNÁR (HUN-SD),0,1,1,1,1,1,0,0,1,1,1,1,1,1,1,0,1,1,1,0,0,0,1,0,0,1,1,1,1,0,1,1
Henna VIRKKUNEN (FIN-EPP),1,1,1,1,1,1,0,1,1,1,0,0,1,1,1,0,1,1,0,1,0,0,1,0,1,1,1,0,1,1,1,1
Cláudia MONTEIRO DE AGUIAR (PRT-EPP),1,1,1,0,1,1,0,1,1,1,0,0,1,1,1,0,1,1,0,0,0,0,0,1,1,0,1,0,0,0,0,0
Miapetra KUMPULA-NATRI (FIN-SD),1,1,1,1,1,1,0,1,1,1,0,1,1,1,1,1,1,1,1,0,1,1,0,0,0,1,1,1,1,1,1,1
Gilles LEBRETON (FRA-ID),0,0,0,0,0,0,1,0,0,1,0,0,1,0,0,0,0,0,0,0,0,0,1,0,1,0,0,0,0,0,1,0
Carlos ZORRINHO (PRT-SD),1,1,1,1,1,1,0,1,1,1,0,1,1,1,1,0,1,1,1,1,1,1,1,1,1,1,1,1,1,1,1,1
Pedro SILVA PEREIRA (PRT-SD),1,1,1,1,1,1,0,1,1,1,0,1,1,1,1,0,1,1,1,1,1,1,1,1,1,1,1,1,1,1,1,1
Nicolas BAY (FRA-ID),0,0,0,0,0,0,1,0,0,1,0,0,1,0,0,0,0,0,1,0,0,0,1,0,1,0,0,0,0,0,1,0
Joëlle MÉLIN (FRA-ID),0,0,0,0,0,0,1,0,0,1,0,0,1,0,0,0,0,0,0,0,0,0,0,0,0,0,0,0,0,0,0,0
Petras AUŠTREVIČIUS (LTU-RENEW),1,1,1,1,1,1,0,1,1,1,0,1,1,1,1,1,1,1,1,1,1,1,1,1,1,1,1,1,0,1,1,1
Jean-François JALKH (FRA-ID),0,1,0,0,0,0,1,0,0,1,0,0,1,0,0,0,0,0,0,0,0,0,1,0,0,0,0,0,0,0,0,0
Dominique BILDE (FRA-ID),0,0,0,0,0,0,1,0,0,1,0,0,1,0,0,0,0,0,0,0,0,0,1,0,1,0,0,0,0,0,1,0
Tiziana BEGHIN (ITA-NI),0,0,0,0,0,1,0,0,1,1,0,1,1,1,1,0,1,1,1,1,1,0,1,1,1,0,0,1,0,0,1,0
Eleonora EVI (ITA-GREEN_EFA),0,1,0,0,0,1,0,0,1,1,1,1,1,1,1,0,1,1,0,0,0,0,0,0,0,0,0,0,0,0,0,0
Marco ZANNI (ITA-ID),0,1,0,0,0,1,1,0,0,1,0,0,1,0,1,0,0,0,0,0,0,0,1,0,1,0,0,0,0,0,1,0
Alfred SANT (MLT-SD),1,1,1,1,1,1,0,1,1,1,0,1,0,0,0,0,1,0,1,0,1,1,1,0,1,1,1,1,1,1,1,1
Dan NICA (ROU-SD),1,1,1,1,1,1,0,1,1,1,0,1,1,1,1,0,0,0,1,0,1,1,1,0,1,1,0,0,1,1,1,1
Maria GRAPINI (ROU-SD),1,0,1,1,1,1,0,1,1,1,0,1,1,1,1,0,1,1,1,1,1,1,1,1,1,0,1,1,1,1,1,1
Alessandra MORETTI (ITA-SD),1,0,1,1,1,1,0,1,1,1,0,1,1,1,1,0,1,1,1,1,1,1,1,1,1,1,1,1,0,0,1,0
Siegfried MUREŞAN (ROU-EPP),1,1,1,0,1,1,0,1,1,1,0,0,1,1,1,0,1,1,1,1,0,1,1,1,1,1,1,0,1,1,1,1
David McALLISTER (DEU-EPP),1,1,1,0,1,1,0,1,1,1,0,0,1,1,1,0,1,1,1,1,0,1,1,0,1,1,1,0,1,1,1,1
Jens GIESEKE (DEU-EPP),0,1,1,0,1,1,0,1,1,1,0,0,1,0,1,0,1,1,1,1,0,1,0,0,1,1,1,0,1,1,1,1
Norbert LINS (DEU-EPP),0,1,1,0,1,1,0,1,1,1,0,0,1,1,1,0,1,1,1,1,0,1,1,0,1,1,1,0,1,1,1,1
Sven SCHULZE (DEU-EPP),0,1,1,0,1,1,0,1,1,1,0,0,0,0,0,0,0,0,0,0,0,0,0,0,0,0,0,0,0,0,0,0
Fabio Massimo CASTALDO (ITA-NI),0,0,0,0,0,1,0,0,1,1,0,1,1,1,1,0,1,1,0,1,1,0,0,1,1,1,1,1,0,0,1,0
Simona BONAFÈ (ITA-SD),1,1,1,1,1,1,0,1,1,1,0,1,1,1,1,1,1,1,0,0,0,0,0,0,0,0,0,0,0,0,0,0
Klaus BUCHNER (DEU-GREEN_EFA),1,1,1,0,0,0,0,0,0,0,0,0,0,0,0,0,0,0,0,0,0,0,0,0,0,0,0,0,0,0,0,0
Nicola DANTI (ITA-RENEW),1,1,1,1,1,1,0,1,1,1,0,1,1,1,1,1,1,1,1,1,1,1,1,1,1,0,1,1,0,0,1,0
Dietmar KÖSTER (DEU-SD),1,1,1,1,1,0,0,1,1,1,0,1,1,1,1,0,1,1,1,0,1,1,1,1,1,1,1,1,1,0,1,0
Fulvio MARTUSCIELLO (ITA-EPP),1,1,1,0,0,1,0,1,1,1,0,0,1,1,1,0,1,1,1,0,0,0,0,0,0,1,0,0,0,0,0,0
Isabella ADINOLFI (ITA-EPP),0,1,0,0,0,1,0,0,1,1,0,0,1,1,1,0,1,1,1,1,0,0,1,1,1,1,1,0,0,0,0,0
Laura FERRARA (ITA-NI),0,0,0,0,0,1,0,0,1,1,0,1,1,1,1,0,1,1,1,1,1,0,1,1,1,0,0,1,0,0,1,0
Martin SONNEBORN (DEU-NI),0,1,1,0,1,1,0,0,1,1,1,1,1,1,1,0,1,1,0,0,1,0,0,1,0,0,0,0,0,0,1,0
Rosa D'AMATO (ITA-GREEN_EFA),0,1,0,0,0,1,0,0,1,1,1,1,1,1,1,0,0,0,0,0,1,1,1,1,1,0,0,1,0,0,0,0
Maria NOICHL (DEU-SD),1,1,1,1,1,1,0,1,1,1,0,1,1,1,1,0,1,1,1,1,1,1,1,0,1,1,0,1,1,1,1,1
Joachim SCHUSTER (DEU-SD),1,1,1,1,1,1,0,1,1,1,0,1,1,1,1,0,1,1,1,0,1,1,1,0,1,0,1,1,1,1,1,1
Piernicola PEDICINI (ITA-GREEN_EFA),0,0,0,0,0,1,0,0,1,1,1,1,1,1,1,0,1,1,1,1,1,1,1,1,1,0,0,1,0,0,0,0
Pina PICIERNO (ITA-SD),1,1,1,1,1,1,0,1,1,1,0,1,1,1,1,0,1,1,1,0,1,1,1,1,1,0,0,0,0,0,1,0
Emil RADEV (BGR-EPP),0,1,1,0,0,1,0,1,1,1,0,0,1,1,1,0,1,1,1,0,0,1,1,0,1,1,1,0,1,1,1,1
Sergei STANISHEV (BGR-SD),0,1,1,1,1,1,0,1,1,1,0,1,1,1,1,0,0,0,1,0,1,1,1,0,1,1,0,0,1,1,1,1
Ignazio CORRAO (ITA-GREEN_EFA),0,0,0,0,0,1,0,0,1,1,1,1,1,1,0,0,1,1,1,1,1,1,1,1,1,0,1,1,0,0,1,0
Caterina CHINNICI (ITA-SD),1,1,1,1,1,1,0,1,1,1,0,1,1,1,1,0,1,1,1,0,1,1,1,1,1,1,1,0,0,0,1,0
Ulrike MÜLLER (DEU-RENEW),1,1,1,1,0,1,0,1,1,1,0,0,1,1,1,0,1,1,1,0,0,0,1,0,1,1,0,0,0,0,0,0
Ilhan KYUCHYUK (BGR-RENEW),1,1,1,1,1,1,0,1,1,1,0,1,1,1,1,1,1,1,1,1,1,1,1,0,1,1,1,1,1,1,1,1
Brando BENIFEI (ITA-SD),1,0,1,1,1,1,0,1,1,1,0,1,1,1,1,0,1,1,1,1,1,1,1,1,1,0,1,1,0,0,1,0
Morten PETERSEN (DNK-RENEW),1,1,1,1,1,1,0,1,1,1,0,1,1,1,1,1,1,1,1,1,1,1,1,1,1,1,0,0,1,1,1,1
Angel DZHAMBAZKI (BGR-ECR),0,0,0,0,0,1,0,0,0,1,0,0,0,0,0,0,1,0,1,0,0,1,1,0,0,1,0,0,1,1,1,1
Anders VISTISEN (DNK-ID),0,0,0,0,0,0,0,0,0,0,0,0,0,0,0,0,0,0,0,0,0,0,0,0,0,0,0,0,0,0,1,0
Jadwiga WIŚNIEWSKA (POL-ECR),0,0,0,0,0,0,0,0,0,1,0,0,0,0,0,0,1,0,1,0,0,1,1,1,1,1,0,0,1,1,1,1
Kosma ZŁOTOWSKI (POL-ECR),0,1,0,0,0,0,0,0,0,1,0,0,0,0,0,0,0,0,1,0,0,1,1,1,1,1,0,0,1,1,1,1
Karol KARSKI (POL-ECR),0,0,0,0,0,0,0,0,0,1,0,0,0,0,0,0,0,0,1,0,0,1,1,0,0,1,0,0,0,0,0,0
Zdzisław KRASNODĘBSKI (POL-ECR),0,1,0,0,0,0,0,0,0,1,0,0,0,0,0,0,1,0,1,0,0,1,1,1,1,1,0,0,1,1,1,1
Krzysztof HETMAN (POL-EPP),1,0,1,0,1,1,0,1,1,1,0,0,1,1,1,0,1,1,1,1,0,1,1,0,0,0,0,0,0,0,0,0
Ivan ŠTEFANEC (SVK-EPP),1,1,1,0,1,1,0,1,1,1,0,0,1,1,1,0,1,1,1,1,0,1,1,0,1,1,1,0,1,1,1,1
Monika VANA (AUT-GREEN_EFA),1,1,1,0,1,1,0,0,1,1,1,1,1,1,1,0,1,1,1,1,1,1,1,1,1,0,1,1,0,0,1,0
Maria ARENA (BEL-SD),1,1,1,1,1,1,0,0,1,1,0,1,1,1,1,0,1,1,0,0,1,1,1,1,1,1,1,1,0,0,1,0
Molly SCOTT CATO (GBR-GREEN_EFA),1,1,0,0,0,0,0,0,0,0,0,0,0,0,0,0,0,0,0,0,0,0,0,0,0,0,0,0,0,0,0,0
Seb DANCE (GBR-SD),1,0,0,0,0,0,0,0,0,0,0,0,0,0,0,0,0,0,0,0,0,0,0,0,0,0,0,0,0,0,0,0
Jude KIRTON-DARLING (GBR-SD),1,1,0,0,0,0,0,0,0,0,0,0,0,0,0,0,0,0,0,0,0,0,0,0,0,0,0,0,0,0,0,0
Theresa GRIFFIN (GBR-SD),0,1,0,0,0,0,0,0,0,0,0,0,0,0,0,0,0,0,0,0,0,0,0,0,0,0,0,0,0,0,0,0
Julie WARD (GBR-SD),1,1,0,0,0,0,0,0,0,0,0,0,0,0,0,0,0,0,0,0,0,0,0,0,0,0,0,0,0,0,0,0
Nathan GILL (GBR-NI),0,0,0,0,0,0,0,0,0,0,0,0,0,0,0,0,0,0,0,0,0,0,0,0,0,0,0,0,0,0,0,0
Miriam DALLI (MLT-SD),1,1,1,0,0,0,0,0,0,0,0,0,0,0,0,0,0,0,0,0,0,0,0,0,0,0,0,0,0,0,0,0
Ernest URTASUN (ESP-GREEN_EFA),1,1,1,0,1,1,0,0,1,1,1,1,1,1,1,0,1,1,1,1,1,1,1,0,0,0,0,0,0,0,0,0
Gerolf ANNEMANS (BEL-ID),0,0,0,0,0,0,1,0,0,1,0,0,1,0,0,0,0,0,0,0,0,0,1,0,1,0,0,0,0,0,1,0
Luke Ming FLANAGAN (IRL-GUE_NGL),0,1,0,0,1,0,0,0,0,1,1,1,1,0,1,0,0,0,1,0,1,0,0,1,0,0,0,0,0,0,1,0
Matt CARTHY (IRL-GUE_NGL),0,0,0,0,0,0,0,0,0,0,0,0,0,0,0,0,0,0,0,0,0,0,0,0,0,0,0,0,0,0,0,0
Deirdre CLUNE (IRL-EPP),0,0,1,0,1,1,0,1,1,1,0,0,1,0,1,1,0,0,0,1,0,1,1,1,1,1,1,1,1,1,1,1
Fredrick FEDERLEY (SWE-RENEW),0,0,1,0,0,0,0,0,0,0,0,0,0,0,0,0,0,0,0,0,0,0,0,0,0,0,0,0,0,0,0,0
Jytte GUTELAND (SWE-SD),1,1,1,1,1,1,0,1,1,1,0,1,0,1,1,0,1,0,0,0,0,0,0,0,0,0,0,0,0,0,0,0
Malin BJÖRK (SWE-GUE_NGL),0,1,0,0,1,0,0,0,0,1,1,1,1,0,0,0,0,1,0,0,1,0,1,1,1,0,0,0,0,0,1,0
Peter LUNDGREN (SWE-ECR),0,0,0,0,0,0,0,0,0,1,0,0,1,0,0,0,0,0,1,0,0,0,1,0,1,1,0,0,1,1,1,1
Harald VILIMSKY (AUT-ID),0,1,0,0,0,0,1,0,0,1,0,0,1,0,0,0,0,0,1,0,0,0,0,0,1,0,0,0,0,0,1,0
Franc BOGOVIČ (SVN-EPP),1,1,1,0,1,1,0,1,1,1,0,0,1,1,1,0,1,1,1,1,0,1,1,1,1,1,1,0,1,1,1,1
Javier NART (ESP-RENEW),1,0,1,1,1,1,0,1,1,1,0,1,1,1,1,1,0,0,0,1,0,0,1,1,1,0,1,1,0,0,1,0
Daniel BUDA (ROU-EPP),1,1,1,0,1,1,0,1,1,1,0,0,1,1,1,0,1,1,1,1,0,1,1,0,1,1,1,0,1,1,1,1
Paul TANG (NLD-SD),1,0,1,1,1,1,0,1,1,1,1,1,1,1,1,0,1,1,1,0,1,1,1,1,1,1,1,1,0,0,1,0
Agnes JONGERIUS (NLD-SD),1,1,1,1,1,1,0,1,1,1,1,1,1,1,1,0,1,1,1,1,1,1,1,1,1,1,1,1,0,0,1,0
Anja HAZEKAMP (NLD-GUE_NGL),0,1,0,0,0,0,0,0,0,1,1,1,1,0,0,0,0,0,1,0,0,0,0,1,1,0,0,1,0,0,0,0
Marcel de GRAAFF (NLD-ID),0,0,0,0,0,0,1,0,0,0,0,0,0,0,0,0,0,0,0,0,0,0,0,0,0,0,0,0,0,0,0,0
Esteban GONZÁLEZ PONS (ESP-EPP),1,1,1,0,1,1,0,1,1,1,0,0,1,1,1,0,0,1,1,1,0,1,1,0,0,0,0,0,0,0,0,0
Annie SCHREIJER-PIERIK (NLD-EPP),1,1,0,0,1,1,0,1,1,1,0,0,1,1,1,0,1,1,0,0,0,0,1,0,1,1,0,0,0,0,0,0
Maite PAGAZAURTUNDÚA (ESP-RENEW),1,0,1,1,1,1,0,1,1,1,0,1,1,1,1,1,1,1,1,1,0,0,1,0,1,1,1,1,1,1,1,1
Javi LÓPEZ (ESP-SD),1,1,1,1,1,1,0,1,1,1,0,1,1,1,1,0,1,1,1,1,1,1,1,1,1,1,1,1,1,1,1,1
Inma RODRÍGUEZ-PIÑERO (ESP-SD),1,1,1,1,1,1,0,1,1,1,0,1,1,1,1,0,1,1,1,1,1,1,1,1,1,0,1,1,1,1,1,1
Clara AGUILERA (ESP-SD),1,1,1,1,1,1,0,1,1,1,0,1,1,1,1,0,1,1,1,1,1,1,1,1,1,1,1,1,1,1,1,1
Jonás FERNÁNDEZ (ESP-SD),1,1,1,1,1,1,0,1,1,1,0,1,1,1,1,0,1,1,1,1,1,1,1,1,1,1,0,0,1,1,1,1
Georgios KYRTSOS (GRC-EPP),1,1,1,0,1,1,0,1,1,1,0,0,1,1,1,0,1,1,1,1,1,1,1,1,1,1,1,1,1,1,1,1
Maria SPYRAKI (GRC-EPP),0,1,0,0,1,1,0,1,1,1,0,1,1,1,1,0,1,1,1,1,1,1,1,1,1,0,0,0,1,1,1,0
Elissavet VOZEMBERG-VRIONIDI (GRC-EPP),0,1,0,0,1,1,0,1,1,1,0,1,1,1,1,0,1,1,1,0,1,1,1,0,1,1,0,0,0,0,0,0
Theodoros ZAGORAKIS (GRC-EPP),1,0,0,0,1,1,0,1,1,1,0,1,1,1,1,0,1,1,1,0,0,0,1,1,1,0,0,0,0,0,0,0
Manolis KEFALOGIANNIS (GRC-EPP),1,0,1,0,1,1,0,1,1,1,0,1,1,1,1,1,1,1,0,1,1,1,0,1,1,1,1,1,1,1,1,1
Kostas PAPADAKIS (GRC-NI),0,0,0,0,0,0,0,0,0,0,0,0,0,0,0,0,0,0,0,0,0,0,0,0,0,0,0,0,0,0,0,0
Romana TOMC (SVN-EPP),1,1,1,0,1,1,0,1,1,1,0,0,1,1,1,0,1,1,1,1,0,1,1,1,1,1,1,0,1,1,1,1
Johan VAN OVERTVELDT (BEL-ECR),0,1,0,0,0,0,0,0,0,1,0,0,0,0,0,0,1,0,1,0,0,1,1,0,1,1,0,0,1,1,1,1
Eva KAILI (GRC-SD),1,0,1,1,1,1,0,1,1,1,0,1,1,1,1,0,1,1,0,0,0,0,0,1,1,0,1,1,0,1,1,1
Nikos ANDROULAKIS (GRC-SD),1,1,1,1,1,1,0,1,1,1,0,1,1,1,1,0,1,1,1,0,0,0,0,0,0,0,0,0,0,0,0,0
Iskra MIHAYLOVA (BGR-RENEW),0,1,1,1,0,1,0,1,0,1,0,1,1,1,1,1,1,1,0,1,0,0,1,1,0,1,1,1,0,0,0,0
Bronis ROPĖ (LTU-GREEN_EFA),1,1,1,0,1,1,0,0,1,1,1,1,1,1,1,0,1,1,0,1,1,1,1,1,1,0,1,1,0,0,1,0
Marco ZULLO (ITA-RENEW),0,0,0,0,0,1,0,1,1,1,0,1,1,1,1,1,1,1,1,0,1,1,1,0,1,1,1,1,1,1,1,1
Massimiliano SALINI (ITA-EPP),1,1,1,0,0,1,0,1,1,1,0,0,1,1,1,0,1,1,1,1,0,1,1,0,1,1,1,0,0,0,1,0
Jiří POSPÍŠIL (CZE-EPP),0,1,1,0,1,1,0,1,1,1,0,0,1,1,1,0,1,1,0,0,0,1,1,1,0,1,1,0,1,1,1,1
Jordi CAÑAS (ESP-RENEW),1,1,1,1,1,1,0,1,1,1,0,1,1,1,1,0,1,1,1,1,1,1,1,1,1,0,1,1,1,1,1,1
Domènec RUIZ DEVESA (ESP-SD),1,1,1,1,1,1,0,1,1,1,0,1,1,1,1,0,1,1,1,1,1,1,1,1,1,1,1,1,1,1,1,1
Markus BUCHHEIT (DEU-ID),0,0,0,0,0,0,1,0,0,1,0,0,1,0,0,0,0,0,1,0,0,0,0,0,0,0,0,0,0,0,1,0
Urmas PAET (EST-RENEW),0,0,0,1,1,1,0,1,1,1,0,1,1,1,1,1,1,1,0,1,0,0,1,0,1,1,1,0,1,1,1,1
Tom VANDENKENDELAERE (BEL-EPP),0,0,0,0,0,1,0,1,1,1,1,0,1,1,1,0,1,1,1,1,1,1,1,1,1,1,1,1,1,1,1,1
Hilde VAUTMANS (BEL-RENEW),1,1,1,1,1,1,0,1,1,1,0,1,1,1,1,1,1,1,1,0,1,1,1,1,1,1,1,1,1,1,1,1
Dace MELBĀRDE (LVA-ECR),0,0,0,1,0,1,0,1,1,1,0,0,0,0,0,0,1,0,0,1,0,1,1,1,1,1,1,0,1,1,1,1
Stelios KOULOGLOU (GRC-GUE_NGL),0,0,0,0,0,0,0,0,0,1,1,1,1,0,0,0,1,1,1,0,1,0,0,0,0,0,0,0,0,0,0,0
Miguel URBÁN CRESPO (ESP-GUE_NGL),0,1,0,0,1,0,0,0,0,1,1,1,0,0,1,0,1,1,1,0,0,0,0,1,0,0,0,0,0,0,0,0
Jordan BARDELLA (FRA-ID),0,0,0,0,0,0,1,0,0,1,0,0,1,0,0,0,0,0,0,0,0,0,1,0,0,0,0,0,0,0,0,0
Gunnar BECK (DEU-ID),0,0,0,0,0,0,1,0,0,1,0,0,1,0,0,0,0,0,1,0,0,0,1,0,1,0,0,0,0,0,1,0
Pirkko RUOHONEN-LERNER (FIN-ECR),0,0,0,0,0,0,0,0,0,0,0,0,0,0,0,0,0,0,0,0,0,0,1,0,1,0,0,0,1,1,0,1
Ramona STRUGARIU (ROU-RENEW),1,1,1,1,1,1,0,1,1,1,0,1,1,1,1,1,1,1,1,1,1,1,1,0,1,0,0,0,1,1,1,1
Valérie HAYER (FRA-RENEW),1,1,1,1,1,1,0,1,1,1,0,1,1,1,1,1,1,1,1,1,1,1,1,1,1,1,1,1,0,0,0,0
João PIMENTA LOPES (PRT-GUE_NGL),0,0,0,0,0,0,0,0,0,0,0,0,0,0,0,0,0,0,0,0,0,0,1,1,0,0,0,0,0,0,1,0
Annika BRUNA (FRA-ID),0,0,0,0,0,0,1,0,0,1,0,0,1,0,0,0,0,0,0,0,0,0,0,0,1,0,0,0,0,0,1,0
Jakop G. DALUNDE (SWE-GREEN_EFA),0,0,1,0,1,1,0,0,0,1,1,1,1,1,1,0,1,1,1,1,1,1,1,1,1,0,0,0,0,0,1,0
Angelo CIOCCA (ITA-ID),0,0,0,0,0,1,1,0,0,1,0,0,1,0,1,0,0,0,1,0,0,0,1,0,1,0,0,0,0,0,1,0
Alexandra GEESE (DEU-GREEN_EFA),1,1,1,0,1,1,0,0,1,1,1,1,0,1,1,0,1,1,1,1,1,1,1,1,1,0,1,1,0,0,0,0
Željana ZOVKO (HRV-EPP),1,1,1,0,1,1,0,1,1,1,0,0,1,1,1,0,1,1,1,1,0,1,1,1,1,1,1,0,0,0,0,0
Tiemo WÖLKEN (DEU-SD),1,1,1,1,1,1,0,1,1,1,0,1,1,1,1,0,1,0,1,1,0,0,1,1,1,1,1,1,1,1,1,1
Tom VANDENDRIESSCHE (BEL-ID),0,0,0,0,0,0,1,0,0,1,0,0,1,0,0,0,0,0,0,0,0,0,1,0,1,0,0,0,0,0,1,0
Jordi SOLÉ (ESP-GREEN_EFA),0,0,0,0,1,1,0,0,1,1,1,1,1,1,1,0,1,1,1,1,1,1,1,1,1,0,1,1,0,0,1,0
Marc BOTENGA (BEL-GUE_NGL),0,1,0,0,0,0,0,0,0,1,0,0,0,0,0,0,0,1,0,0,0,0,1,1,0,0,0,0,0,0,1,0
John HOWARTH (GBR-SD),1,0,0,0,0,0,0,0,0,0,0,0,0,0,0,0,0,0,0,0,0,0,0,0,0,0,0,0,0,0,0,0
Jonathan BULLOCK (GBR-NI),0,0,0,0,0,0,0,0,0,0,0,0,0,0,0,0,0,0,0,0,0,0,0,0,0,0,0,0,0,0,0,0
Dennis RADTKE (DEU-EPP),1,1,1,0,1,1,0,1,1,1,0,0,1,1,1,0,1,1,1,1,0,1,1,0,1,1,1,0,1,1,1,1
France JAMET (FRA-ID),0,0,0,0,0,0,1,0,0,1,0,0,1,0,0,0,0,0,0,0,0,0,1,0,1,0,0,0,0,0,1,0
Baroness Nosheena MOBARIK (GBR-ECR),0,0,0,0,0,0,0,0,0,0,0,0,0,0,0,0,0,0,0,0,0,0,0,0,0,0,0,0,0,0,0,0
Asim ADEMOV (BGR-EPP),1,1,1,0,0,1,0,1,1,1,0,0,1,1,1,0,1,1,1,0,0,1,1,0,1,1,1,0,1,1,1,1
Rory PALMER (GBR-SD),1,1,0,0,0,0,0,0,0,0,0,0,0,0,0,0,0,0,0,0,0,0,0,0,0,0,0,0,0,0,0,0
Thomas WAITZ (AUT-GREEN_EFA),0,0,1,0,1,1,0,0,1,1,1,1,1,1,1,0,1,1,1,1,1,1,1,1,1,0,1,1,0,0,1,0
Martin SCHIRDEWAN (DEU-GUE_NGL),0,1,0,0,1,0,0,0,0,1,1,1,0,0,1,0,0,0,1,0,1,0,0,0,0,0,0,0,0,0,0,0
Jörg MEUTHEN (DEU-ID),0,0,0,0,0,0,1,0,0,1,0,0,1,0,0,0,1,0,1,0,0,1,0,0,1,0,0,0,1,1,1,1
Caroline NAGTEGAAL (NLD-RENEW),0,1,0,0,0,0,0,0,1,1,0,0,1,0,1,0,1,1,1,1,0,1,1,0,1,1,1,0,1,1,1,1
Lukas MANDL (AUT-EPP),1,1,1,0,1,1,0,1,1,1,0,0,1,1,1,0,1,1,1,1,0,1,0,1,1,0,1,0,1,1,1,1
Geoffroy DIDIER (FRA-EPP),1,0,0,0,1,1,0,1,1,1,0,0,1,1,1,0,1,1,1,0,0,1,0,0,1,1,1,0,1,1,1,1
Elsi KATAINEN (FIN-RENEW),0,1,1,1,0,1,0,1,1,1,0,0,1,1,1,0,1,1,0,1,0,1,1,1,1,1,0,0,1,1,1,1
Giuseppe FERRANDINO (ITA-SD),1,0,1,1,1,1,0,1,1,1,0,1,1,1,1,0,1,1,1,1,1,1,1,1,0,1,1,1,0,0,0,0
Danilo Oscar LANCINI (ITA-ID),0,1,0,0,0,1,1,0,0,1,0,0,1,0,1,0,0,0,1,0,0,0,1,0,1,0,0,0,0,0,1,0
Romeo FRANZ (DEU-GREEN_EFA),0,1,1,0,1,1,0,0,0,1,1,1,1,1,1,0,1,1,1,1,1,1,0,1,1,0,0,0,0,0,0,0
Tilly METZ (LUX-GREEN_EFA),1,1,1,0,1,1,0,0,1,1,1,1,1,1,1,0,1,1,1,1,1,1,1,1,1,0,1,1,0,0,1,0
Christophe HANSEN (LUX-EPP),1,1,1,0,1,1,0,1,1,1,0,0,1,1,1,0,1,1,1,1,0,1,1,0,0,0,0,0,0,0,0,0
Sara SKYTTEDAL (SWE-EPP),0,1,1,0,0,0,0,0,0,1,0,0,1,0,1,0,1,0,0,1,0,1,1,0,1,1,1,0,1,1,1,1
Heléne FRITZON (SWE-SD),1,1,1,1,1,1,0,1,1,1,0,1,0,1,1,0,1,0,1,1,0,1,1,1,1,1,1,0,1,1,1,1
Evin INCIR (SWE-SD),1,1,1,1,1,1,0,1,1,1,0,1,0,1,1,0,1,0,1,1,0,1,1,1,1,1,1,0,1,1,1,1
David LEGA (SWE-EPP),0,1,1,0,0,1,0,1,1,1,0,0,1,0,1,0,0,0,1,0,0,1,1,0,0,1,0,0,1,1,1,1
Josianne CUTAJAR (MLT-SD),1,1,1,1,1,1,0,1,1,1,0,1,0,1,1,0,1,0,1,1,0,0,1,0,1,1,0,0,1,1,1,1
Alice KUHNKE (SWE-GREEN_EFA),1,0,1,0,1,1,0,0,0,1,1,1,1,1,1,0,1,1,1,1,1,1,1,1,1,0,1,1,0,0,1,0
Erik BERGKVIST (SWE-SD),1,1,1,1,1,1,0,1,1,1,0,1,0,1,1,0,1,0,1,0,0,1,1,0,0,0,0,0,0,0,0,0
Pär HOLMGREN (SWE-GREEN_EFA),1,1,1,0,1,1,0,0,0,1,1,1,1,1,1,0,1,1,1,1,1,1,1,1,1,0,1,1,0,0,1,0
Jessica STEGRUD (SWE-ECR),0,0,0,0,0,0,0,0,0,1,0,0,1,0,0,0,0,0,0,0,0,0,0,0,0,0,0,0,0,0,0,0
Abir AL-SAHLANI (SWE-RENEW),0,1,0,0,0,1,0,1,0,1,0,0,0,1,1,0,1,1,0,1,0,1,1,0,1,1,1,0,1,1,1,1
Karin KARLSBRO (SWE-RENEW),1,1,1,1,0,1,0,1,1,1,0,0,1,1,1,0,1,1,1,1,0,1,1,1,1,1,1,0,1,1,1,1
Tomas TOBÉ (SWE-EPP),1,1,1,0,0,1,0,1,1,1,0,0,1,0,1,0,1,0,0,1,0,1,1,0,1,1,1,0,1,1,1,1
Alex AGIUS SALIBA (MLT-SD),1,1,1,0,1,1,0,1,1,1,0,1,1,0,1,0,1,0,1,1,1,1,1,1,1,1,1,1,0,0,0,0
Jessica POLFJÄRD (SWE-EPP),1,1,0,0,0,1,0,1,1,1,0,0,1,0,1,0,1,0,1,1,0,1,1,0,1,1,1,0,1,1,1,1
Jörgen WARBORN (SWE-EPP),1,1,1,0,0,1,0,1,1,1,0,0,1,0,1,0,0,0,1,1,0,1,1,0,1,0,1,0,1,1,1,1
Arba KOKALARI (SWE-EPP),0,1,1,0,0,1,0,1,1,0,0,0,1,0,1,0,1,0,1,1,0,1,1,0,1,1,1,0,1,1,1,1
Hildegard BENTELE (DEU-EPP),1,1,1,0,1,1,0,1,1,1,0,0,1,1,1,0,1,1,1,1,0,0,1,0,1,1,1,0,1,1,1,0
Stefan BERGER (DEU-EPP),0,0,1,0,1,1,0,1,1,1,0,0,1,1,1,0,1,1,1,1,0,1,1,0,0,1,0,0,1,1,1,1
Niclas HERBST (DEU-EPP),0,1,1,0,1,1,0,1,1,1,0,0,1,1,1,0,1,1,1,1,0,1,1,0,1,1,1,0,1,1,1,1
Karlo RESSLER (HRV-EPP),1,0,1,0,1,1,0,1,1,1,0,0,1,1,1,0,1,1,0,1,0,1,1,1,1,1,1,0,0,0,0,0
Loucas FOURLAS (CYP-EPP),1,1,1,0,1,1,0,1,1,1,0,0,1,1,1,1,1,1,0,0,1,1,1,0,1,1,0,0,0,0,0,0
Niyazi KIZILYÜREK (CYP-GUE_NGL),0,1,0,0,1,0,0,0,0,1,1,0,0,0,0,1,1,0,1,0,0,0,1,1,0,0,0,0,0,0,0,0
Giorgos GEORGIOU (CYP-GUE_NGL),0,1,0,0,1,0,0,0,0,1,1,0,0,0,0,1,0,0,0,0,0,0,1,1,0,0,0,0,0,0,0,0
Tomislav SOKOL (HRV-EPP),1,1,1,0,1,1,0,1,0,1,0,0,1,1,1,0,1,1,1,1,0,1,1,1,1,1,1,0,0,0,0,0
Monica SEMEDO (LUX-RENEW),0,1,1,1,1,1,0,1,1,1,0,1,1,0,1,1,1,0,0,1,1,1,0,1,1,1,1,1,1,1,1,1
Valter FLEGO (HRV-RENEW),1,1,1,1,1,1,0,1,1,1,0,1,1,1,1,1,1,1,1,1,1,1,1,1,1,1,1,1,0,0,0,0
Kris PEETERS (BEL-EPP),1,1,1,1,1,0,0,0,0,0,0,0,0,0,0,0,0,0,0,0,0,0,0,0,0,0,0,0,0,0,0,0
Isabel WISELER-LIMA (LUX-EPP),1,1,1,0,1,1,0,1,1,1,0,0,1,1,1,0,1,1,1,1,0,1,1,1,1,1,0,0,1,1,1,1
Christine SCHNEIDER (DEU-EPP),0,1,1,0,1,1,0,1,1,1,0,0,1,1,1,0,1,0,1,1,0,1,1,0,1,1,1,0,1,1,1,1
Nico SEMSROTT (DEU-GREEN_EFA),1,1,0,0,1,1,0,0,1,1,1,1,1,1,1,0,1,1,1,1,1,1,1,1,1,0,1,1,0,0,0,0
Ralf SEEKATZ (DEU-EPP),0,1,1,0,1,1,0,1,1,1,0,0,1,1,1,0,1,1,1,0,0,1,1,0,1,0,1,0,1,1,1,1
Sven SIMON (DEU-EPP),1,1,1,0,1,1,0,1,1,1,0,0,1,1,1,0,1,1,1,0,0,1,1,0,1,1,1,0,1,1,1,1
Marlene MORTLER (DEU-EPP),0,1,0,0,1,1,0,1,1,1,0,0,1,1,1,0,1,1,1,1,0,1,0,0,1,1,1,0,1,1,1,1
Nicolas SCHMIT (LUX-SD),0,1,0,0,0,0,0,0,0,0,0,0,0,0,0,0,0,0,0,0,0,0,0,0,0,0,0,0,0,0,0,0
Marion WALSMANN (DEU-EPP),0,1,1,0,1,1,0,1,1,1,0,0,1,1,1,0,1,1,1,1,0,1,1,0,1,1,1,0,1,1,1,1
Engin EROGLU (DEU-RENEW),0,0,1,0,0,1,0,1,1,1,0,0,1,1,1,0,1,1,1,0,0,0,1,0,1,1,1,0,0,0,1,0
Patrick BREYER (DEU-GREEN_EFA),1,1,1,0,1,1,0,0,1,1,1,1,1,1,1,0,1,1,1,1,1,1,1,0,1,0,1,1,1,1,1,1
Jan-Christoph OETJEN (DEU-RENEW),1,1,1,1,0,1,0,1,0,1,0,0,1,1,1,0,1,1,1,1,0,0,1,0,1,1,1,0,1,1,1,1
Katarina BARLEY (DEU-SD),0,0,1,1,1,1,0,1,1,1,0,1,1,1,1,0,1,1,1,0,0,0,1,0,1,1,1,1,1,1,1,1
Martin BUSCHMANN (DEU-NI),0,1,0,0,1,0,0,0,0,1,1,1,1,0,1,0,1,1,1,0,0,0,1,0,0,0,0,0,0,0,1,0
Gabriele BISCHOFF (DEU-SD),1,1,1,1,1,1,0,1,1,1,0,1,1,1,1,0,1,1,1,1,1,1,1,1,1,1,1,1,0,0,1,0
Helmut GEUKING (DEU-EPP),0,1,0,0,1,0,0,0,0,1,0,0,0,1,1,1,1,1,1,1,0,1,1,1,0,0,0,0,0,0,0,0
Nicola BEER (DEU-RENEW),1,1,1,1,0,1,0,1,0,1,0,0,1,1,1,0,0,1,1,1,0,0,1,0,0,0,0,0,0,0,0,0
Mislav KOLAKUŠIĆ (HRV-NI),1,1,1,0,0,0,0,1,0,0,0,1,0,0,0,0,0,0,1,0,0,0,0,0,1,0,0,0,0,0,0,0
Damian BOESELAGER (DEU-GREEN_EFA),1,0,1,0,1,1,0,0,1,1,1,1,1,1,1,0,1,1,1,1,1,1,1,1,1,1,1,1,0,0,1,0
Delara BURKHARDT (DEU-SD),1,1,1,1,1,1,0,1,1,1,0,1,1,1,1,0,1,1,1,1,1,1,1,0,1,1,1,1,1,1,1,1
Predrag Fred MATIĆ (HRV-SD),1,1,1,1,1,1,0,1,1,1,0,1,1,1,1,0,1,1,1,1,1,1,1,1,1,1,1,1,1,1,1,1
Andreas GLÜCK (DEU-RENEW),1,1,1,1,0,1,0,1,1,1,0,0,1,1,1,0,0,0,1,1,0,0,1,0,1,1,1,0,1,1,1,1
Svenja HAHN (DEU-RENEW),1,1,1,1,0,1,0,1,0,1,0,0,1,1,1,0,1,1,1,1,0,0,1,0,1,1,1,0,1,1,1,1
Moritz KÖRNER (DEU-RENEW),1,1,1,1,1,1,0,1,1,1,0,0,1,1,1,0,1,1,1,1,0,0,1,0,1,1,1,0,1,1,1,1
Milan BRGLEZ (SVN-SD),1,0,1,0,1,1,0,1,1,1,0,1,1,1,1,0,1,1,1,1,1,1,1,1,1,1,1,1,1,1,1,1
Irena JOVEVA (SVN-RENEW),1,0,1,1,1,1,0,1,1,1,0,1,1,1,1,1,1,1,1,1,1,1,1,1,1,1,1,1,1,1,1,1
Rasmus ANDRESEN (DEU-GREEN_EFA),1,1,1,0,1,1,0,0,1,1,1,1,1,1,1,0,1,1,1,1,1,1,1,1,1,0,1,1,0,0,1,0
Michael BLOSS (DEU-GREEN_EFA),1,1,1,0,1,1,0,0,1,1,1,1,1,1,1,0,1,1,1,1,1,1,1,1,1,0,1,1,0,0,1,0
Viola VON CRAMON-TAUBADEL (DEU-GREEN_EFA),1,0,1,0,1,1,0,0,1,1,1,1,1,1,1,0,1,1,1,0,1,1,1,1,1,0,1,1,0,0,1,0
Klemen GROŠELJ (SVN-RENEW),1,0,1,1,1,1,0,1,1,1,0,1,1,1,1,1,1,1,1,1,1,1,0,1,1,1,1,1,1,1,1,1
Anna DEPARNAY-GRUNENBERG (DEU-GREEN_EFA),0,1,1,0,1,1,0,0,1,1,1,1,1,1,1,0,1,1,0,1,1,1,0,0,1,0,1,1,0,0,1,0
Cindy FRANSSEN (BEL-EPP),1,1,1,1,1,1,0,1,1,1,0,0,1,1,1,1,1,1,1,1,1,1,1,1,1,0,1,1,1,1,1,1
Henrike HAHN (DEU-GREEN_EFA),1,0,1,0,1,1,0,0,1,1,1,1,1,1,1,0,1,1,1,1,0,0,1,0,1,0,0,0,0,0,1,0
Benoît LUTGEN (BEL-EPP),1,1,1,1,1,1,0,1,1,1,0,1,1,1,1,0,1,1,1,1,1,1,1,0,1,1,1,0,0,0,1,0
Pierrette HERZBERGER-FOFANA (DEU-GREEN_EFA),1,1,1,0,1,1,0,0,1,1,1,1,1,1,1,0,1,1,1,1,1,1,1,1,1,0,1,1,0,0,1,0
Sergey LAGODINSKY (DEU-GREEN_EFA),0,0,1,0,1,1,0,0,1,1,1,1,1,1,0,0,1,1,1,0,1,1,1,1,1,0,1,1,0,0,1,0
Katrin LANGENSIEPEN (DEU-GREEN_EFA),1,1,0,0,1,1,0,0,1,1,0,1,1,1,1,0,1,1,1,1,1,1,1,1,1,0,1,1,0,0,1,0
Erik MARQUARDT (DEU-GREEN_EFA),1,1,1,0,1,1,0,0,1,1,1,1,1,1,1,0,1,1,1,1,1,1,1,1,1,0,1,0,0,0,1,0
Olivier CHASTEL (BEL-RENEW),1,1,1,1,1,1,0,1,1,1,0,1,1,1,1,1,1,1,1,1,1,1,1,1,1,1,1,1,1,1,1,1
Hannah NEUMANN (DEU-GREEN_EFA),0,1,1,0,1,1,0,0,1,1,1,1,1,1,1,0,1,1,0,1,1,1,1,1,0,0,1,1,0,0,1,0
Niklas NIENASS (DEU-GREEN_EFA),1,0,1,0,1,1,0,0,1,0,1,0,0,1,1,0,1,1,1,1,1,1,1,1,1,0,0,0,0,0,1,0
Jutta PAULUS (DEU-GREEN_EFA),1,1,1,0,1,1,0,0,1,1,1,1,1,1,1,0,1,1,1,1,1,1,1,0,1,0,1,1,0,0,1,0
Geert BOURGEOIS (BEL-ECR),0,0,0,0,0,0,0,0,0,1,0,0,0,0,0,0,1,0,1,0,0,1,1,0,1,1,0,0,1,1,1,1
Özlem DEMIREL (DEU-GUE_NGL),0,0,0,0,1,0,0,0,0,1,1,1,0,0,0,0,0,1,1,0,1,0,1,0,0,0,0,0,0,0,1,0
Assita KANKO (BEL-ECR),0,1,0,0,0,0,0,0,0,1,0,0,0,0,0,0,1,0,1,0,0,1,1,0,1,1,0,0,1,1,1,1
Saskia BRICMONT (BEL-GREEN_EFA),1,1,1,0,1,1,0,0,1,1,1,1,1,1,1,0,1,1,1,1,1,1,1,1,1,0,0,0,0,0,1,0
Petra DE SUTTER (BEL-GREEN_EFA),1,1,1,0,0,0,0,0,0,0,0,0,0,0,0,0,0,0,0,0,0,0,0,0,0,0,0,0,0,0,0,0
Filip DE MAN (BEL-ID),0,0,0,0,0,0,1,0,0,1,0,0,1,0,0,0,0,0,0,0,0,0,1,0,1,0,0,0,0,0,1,0
Christian DOLESCHAL (DEU-EPP),0,1,1,0,1,1,0,1,1,1,0,0,1,1,1,0,1,1,1,1,0,1,1,0,1,1,1,0,1,1,1,1
Christine ANDERSON (DEU-ID),0,0,0,0,0,0,0,0,0,1,0,0,1,0,0,0,0,0,1,0,0,0,0,0,0,0,0,0,0,0,1,0
Lars Patrick BERG (DEU-ECR),0,0,0,0,0,0,1,0,0,1,0,0,0,0,0,0,0,0,1,0,0,1,1,0,0,1,0,0,1,1,1,1
Nicolaus FEST (DEU-ID),0,0,0,0,0,0,1,0,0,1,0,0,1,0,0,0,0,0,1,0,0,0,0,0,1,0,0,0,0,0,0,0
Maximilian KRAH (DEU-ID),0,0,0,0,0,0,1,0,0,1,0,0,1,0,0,0,0,0,0,0,0,0,0,0,0,0,0,0,0,0,1,0
Joachim KUHS (DEU-ID),0,0,0,0,0,0,0,0,0,1,0,0,1,0,0,0,0,0,1,0,0,0,0,0,1,0,0,0,0,0,1,0
Sylvia LIMMER (DEU-ID),0,0,0,0,0,0,1,0,0,1,0,0,1,0,0,0,0,0,1,0,0,0,0,0,1,0,0,0,0,0,1,0
Guido REIL (DEU-ID),0,0,0,0,0,0,1,0,0,1,0,0,1,0,0,0,0,0,1,0,0,0,0,0,1,0,0,0,0,0,1,0
Bernhard ZIMNIOK (DEU-ID),0,0,0,0,0,0,1,0,0,1,0,0,1,0,0,0,0,0,1,0,0,0,0,0,1,0,0,0,0,0,1,0
Magdalena ADAMOWICZ (POL-EPP),0,1,1,0,1,1,0,1,1,1,0,0,1,1,1,0,1,1,1,1,0,1,1,1,1,1,1,0,1,1,1,1
Marina KALJURAND (EST-SD),0,1,1,1,1,1,0,1,1,1,0,1,1,1,1,0,1,1,0,1,1,1,1,1,1,1,1,1,1,1,1,1
Bartosz ARŁUKOWICZ (POL-EPP),1,1,0,0,1,1,0,1,1,1,0,0,1,1,1,0,1,1,1,0,0,1,1,0,0,0,0,0,0,0,0,0
Jaak MADISON (EST-ID),0,1,0,0,0,0,1,0,0,1,0,0,1,0,0,0,0,0,0,0,0,0,0,0,0,0,0,0,0,0,1,0
Nathalie LOISEAU (FRA-RENEW),1,1,1,1,1,1,0,1,1,1,0,1,1,1,1,1,1,1,1,1,1,1,1,1,1,1,1,1,0,0,0,0
Marek Paweł BALT (POL-SD),1,1,1,1,1,1,0,1,1,0,0,1,1,1,1,0,1,0,1,1,1,1,1,1,1,1,1,1,1,1,1,1
Marek BELKA (POL-SD),1,1,1,1,1,1,0,1,1,1,0,1,1,1,1,0,1,1,1,0,1,1,1,1,1,0,0,0,1,1,1,1
Sven MIKSER (EST-SD),1,0,1,1,1,1,0,1,1,1,0,1,1,1,1,0,1,1,1,1,1,1,1,1,1,1,1,1,1,1,1,1
Robert BIEDROŃ (POL-SD),0,1,1,1,1,1,0,1,1,1,0,1,1,1,1,0,1,1,1,1,1,1,1,1,1,1,1,1,1,1,1,1
Chrysoula ZACHAROPOULOU (FRA-RENEW),1,0,1,1,1,1,0,1,1,1,0,1,1,1,1,1,0,0,0,0,0,0,0,0,0,0,0,0,0,0,0,0
Mounir SATOURI (FRA-GREEN_EFA),1,1,1,0,1,1,0,0,1,1,1,1,1,1,1,0,1,1,1,1,1,1,1,1,1,0,1,1,0,0,1,0
Joachim Stanisław BRUDZIŃSKI (POL-ECR),0,0,0,0,0,0,0,0,0,1,0,0,0,0,0,0,1,0,1,0,0,1,1,1,1,1,0,0,0,0,0,0
Marie-Pierre VEDRENNE (FRA-RENEW),1,1,1,1,1,1,0,1,1,1,0,1,1,1,1,1,1,1,1,1,1,1,1,1,1,1,1,1,1,1,1,1
David CORMAND (FRA-GREEN_EFA),1,1,1,0,1,1,0,0,1,1,1,1,1,1,1,0,1,1,1,1,1,1,1,1,1,0,1,1,0,0,1,0
Jérémy DECERLE (FRA-RENEW),1,0,1,1,1,1,0,1,1,1,0,1,1,1,1,1,1,1,1,1,1,1,1,1,1,0,1,1,1,1,1,1
Catherine CHABAUD (FRA-RENEW),1,0,1,1,1,1,0,1,1,1,0,1,1,1,1,1,1,1,1,1,1,1,1,1,1,1,1,1,1,1,1,1
Caroline ROOSE (FRA-GREEN_EFA),1,1,1,0,1,1,0,0,1,1,1,1,1,1,1,0,1,1,1,1,1,1,1,1,1,0,1,1,0,0,1,0
Włodzimierz CIMOSZEWICZ (POL-SD),1,1,1,1,1,1,0,1,1,1,0,1,1,1,1,0,1,1,1,1,1,1,1,1,1,1,1,1,1,1,1,1
Stéphane SÉJOURNÉ (FRA-RENEW),1,1,1,1,1,1,0,1,1,1,0,1,1,1,1,1,1,1,1,1,1,1,1,0,0,0,0,0,0,0,0,0
Jarosław DUDA (POL-EPP),1,1,1,0,1,1,0,1,1,1,0,0,1,1,1,0,1,1,1,1,0,1,1,1,1,1,1,0,1,1,1,1
Salima YENBOU (FRA-GREEN_EFA),1,0,1,0,1,1,0,0,1,1,1,1,1,1,1,1,1,1,1,1,1,1,1,1,1,1,1,1,1,1,1,1
Benoît BITEAU (FRA-GREEN_EFA),1,0,1,0,1,1,0,0,1,1,1,1,1,1,1,0,1,1,1,1,1,1,1,1,1,0,1,1,0,0,1,0
Tomasz FRANKOWSKI (POL-EPP),1,1,1,0,1,1,0,1,1,1,0,0,1,1,1,0,1,1,1,1,0,1,1,1,1,1,1,0,1,1,1,1
Andrzej HALICKI (POL-EPP),1,0,1,0,0,1,0,1,1,1,0,0,1,1,1,0,1,1,1,1,0,1,1,1,1,1,1,0,0,0,0,0
Pernille WEISS (DNK-EPP),0,0,1,0,0,1,0,1,1,1,0,0,1,1,1,0,1,0,0,1,0,1,0,1,1,1,1,0,1,1,1,1
Patryk JAKI (POL-ECR),0,1,0,0,0,0,0,0,0,1,0,0,0,0,0,0,1,0,1,0,0,1,1,1,1,1,0,0,1,1,1,1
Adam JARUBAS (POL-EPP),1,1,1,0,1,1,0,1,1,1,0,0,1,1,1,0,1,1,0,1,0,1,1,0,0,1,1,0,1,1,1,1
Krzysztof JURGIEL (POL-ECR),0,0,0,0,0,0,0,0,0,1,0,0,0,0,0,0,0,0,1,0,0,1,0,1,1,1,0,0,1,1,1,0
Beata KEMPA (POL-ECR),0,0,0,0,0,0,0,0,0,1,0,0,0,0,0,0,1,0,1,0,0,1,1,1,1,1,0,0,1,1,1,1
Izabela-Helena KLOC (POL-ECR),0,1,0,0,0,0,0,0,0,1,0,0,0,0,0,0,0,0,1,0,0,1,1,1,1,1,0,0,1,1,1,1
Manuel BOMPARD (FRA-GUE_NGL),0,1,0,0,1,0,0,0,0,1,1,1,1,0,1,0,0,0,0,0,0,0,0,0,0,0,0,0,0,0,0,0
Radka MAXOVÁ (CZE-SD),0,1,0,0,0,0,0,0,1,1,0,1,1,1,1,0,1,1,1,0,1,1,1,1,1,1,1,1,1,1,1,1
Łukasz KOHUT (POL-SD),1,1,1,1,1,1,0,1,1,1,0,1,1,1,1,0,1,1,1,1,1,1,1,1,1,1,1,1,1,1,1,1
Ewa KOPACZ (POL-EPP),1,1,1,0,1,1,0,1,1,1,0,0,1,1,1,0,1,1,1,1,0,1,1,1,1,1,1,0,0,0,0,0
Martin HLAVÁČEK (CZE-RENEW),0,0,0,0,0,0,0,0,1,1,0,0,1,0,0,0,1,0,1,1,0,1,1,0,1,1,1,0,0,1,1,1
Anne-Sophie PELLETIER (FRA-GUE_NGL),0,1,0,0,1,0,0,0,0,1,1,1,1,0,1,0,0,0,1,0,1,0,1,1,0,0,1,0,0,0,1,0
Ondřej KNOTEK (CZE-RENEW),0,1,0,0,0,0,0,0,1,1,0,0,1,0,1,0,1,0,1,1,0,1,1,0,1,1,1,0,0,1,1,0
Leila CHAIBI (FRA-GUE_NGL),0,1,0,0,1,0,0,0,0,1,1,1,1,0,1,0,0,0,1,0,1,0,1,1,0,0,0,0,0,0,1,0
Joanna KOPCIŃSKA (POL-ECR),0,1,0,0,0,0,0,0,0,1,0,0,0,0,0,0,1,0,1,0,0,0,1,1,1,1,0,0,1,1,1,1
Gwendoline DELBOS-CORFIELD (FRA-GREEN_EFA),1,0,1,0,1,1,0,0,1,1,1,1,1,1,1,0,1,1,1,1,1,0,1,1,1,0,1,1,0,0,1,0
Elżbieta KRUK (POL-ECR),0,1,0,0,0,0,0,0,0,1,0,0,0,0,0,0,1,0,1,0,0,1,1,1,1,0,0,0,0,1,1,1
Manon AUBRY (FRA-GUE_NGL),0,1,0,0,1,0,0,0,0,1,1,1,1,0,1,0,1,1,1,0,1,0,1,1,0,0,0,0,0,0,1,0
François-Xavier BELLAMY (FRA-EPP),1,1,1,0,1,1,0,1,0,1,0,0,1,1,1,0,1,1,1,1,0,1,1,0,1,1,0,0,1,1,1,1
Agnès EVREN (FRA-EPP),1,1,1,0,1,1,0,1,1,1,0,0,1,1,1,0,0,1,1,1,0,1,1,0,0,0,0,0,0,0,0,0
Nathalie COLIN-OESTERLÉ (FRA-EPP),1,1,1,0,1,1,0,1,1,1,0,0,1,1,1,0,1,1,1,1,0,1,1,0,1,1,1,0,1,1,1,1
Alexandr VONDRA (CZE-ECR),0,0,0,0,0,0,1,0,0,1,0,0,0,0,0,0,1,0,1,0,0,0,1,0,1,1,0,0,0,1,1,1
Beata MAZUREK (POL-ECR),0,1,0,0,0,0,0,0,0,1,0,0,0,0,0,0,1,0,1,0,0,1,1,1,1,1,0,0,1,1,1,1
Mikuláš PEKSA (CZE-GREEN_EFA),1,1,1,0,1,1,0,0,1,1,1,1,1,1,1,0,1,1,1,1,1,1,1,1,1,0,1,1,1,1,1,1
Leszek MILLER (POL-SD),1,1,1,1,1,1,0,1,1,1,0,1,1,1,1,0,0,1,1,1,1,1,1,1,1,1,1,1,1,1,1,1
Andżelika Anna MOŻDŻANOWSKA (POL-ECR),0,1,0,0,0,0,0,0,0,1,0,0,0,0,0,0,1,0,1,0,0,1,1,1,1,1,0,0,1,1,1,1
Janina OCHOJSKA (POL-EPP),0,0,0,0,0,1,0,1,1,1,0,0,1,1,1,0,1,1,0,1,0,1,1,1,1,0,0,0,0,0,0,0
Bernard GUETTA (FRA-RENEW),1,1,1,1,1,1,0,1,1,1,0,1,1,1,1,1,1,1,1,1,1,1,0,1,1,1,1,1,1,1,1,1
Elżbieta RAFALSKA (POL-ECR),0,1,0,0,0,0,0,0,0,1,0,0,0,0,0,0,1,0,1,0,0,1,1,1,1,1,0,0,1,1,1,1
Bogdan RZOŃCA (POL-ECR),0,1,0,0,0,0,0,0,0,1,0,0,0,0,0,0,1,0,1,0,0,1,1,1,1,1,0,0,1,1,1,1
Marcel KOLAJA (CZE-GREEN_EFA),1,1,1,0,1,1,0,0,1,1,1,1,1,1,1,0,1,1,1,1,1,1,1,1,1,0,1,1,1,1,1,1
Irène TOLLERET (FRA-RENEW),0,0,1,1,1,1,0,1,1,1,0,1,1,1,1,1,1,1,0,1,1,1,1,0,0,0,1,1,1,1,1,1
Radosław SIKORSKI (POL-EPP),1,0,1,0,1,1,0,1,1,1,0,0,1,1,1,0,1,1,1,1,0,1,1,0,0,0,0,0,0,0,0,0
Markéta GREGOROVÁ (CZE-GREEN_EFA),1,1,1,0,1,1,0,0,1,1,1,1,1,1,1,0,1,1,1,1,1,1,1,1,1,0,1,1,1,1,1,1
Sylwia SPUREK (POL-GREEN_EFA),1,1,1,0,1,1,0,0,1,1,1,1,1,1,1,0,1,1,0,1,1,1,1,0,1,0,1,1,0,0,1,0
Stéphane BIJOUX (FRA-RENEW),1,0,1,1,1,1,0,1,1,1,0,1,1,1,1,1,1,1,1,1,1,1,1,1,1,1,0,0,1,1,1,1
Veronika VRECIONOVÁ (CZE-ECR),0,0,0,0,0,0,1,0,0,1,0,0,0,0,0,0,1,0,1,0,0,0,1,0,1,1,0,0,0,1,1,1
Beata SZYDŁO (POL-ECR),0,1,0,0,0,0,0,0,0,1,0,0,0,0,0,0,1,0,1,0,0,1,1,1,1,1,0,0,0,0,0,0
Luis GARICANO (ESP-RENEW),1,0,1,1,1,1,0,1,1,1,0,1,1,1,1,1,1,0,0,0,0,0,0,0,0,0,0,0,0,0,0,0
Søren GADE (DNK-RENEW),0,1,0,0,0,1,0,1,0,1,0,0,1,0,0,0,1,0,0,0,0,0,0,0,0,0,0,0,0,0,0,0
Ivan DAVID (CZE-ID),0,1,0,0,0,0,1,0,0,1,0,0,0,0,0,0,0,0,1,0,0,0,1,0,0,0,0,0,0,0,1,0
Christophe GRUDLER (FRA-RENEW),1,1,1,1,1,1,0,1,1,1,0,1,1,1,1,1,1,1,1,1,1,1,1,0,1,1,1,1,1,1,1,1
Asger CHRISTENSEN (DNK-RENEW),0,1,0,0,0,1,0,1,0,1,0,0,1,0,1,0,1,1,1,0,0,1,1,0,0,0,0,0,1,1,1,1
Grzegorz TOBISZOWSKI (POL-ECR),0,1,0,0,0,0,0,0,0,1,0,0,0,0,0,0,1,0,1,0,0,1,1,1,1,1,0,0,1,1,1,1
Mauri PEKKARINEN (FIN-RENEW),0,1,1,1,0,1,0,1,1,1,0,0,1,1,1,0,1,1,1,0,0,1,1,1,1,0,1,1,0,1,1,1
Hynek BLAŠKO (CZE-ID),0,0,0,0,0,0,1,0,0,1,0,0,0,0,0,0,0,0,0,0,0,0,1,0,1,0,0,0,0,0,1,0
Witold Jan WASZCZYKOWSKI (POL-ECR),0,1,0,0,0,1,0,0,0,1,0,0,0,0,0,0,1,0,1,0,0,1,1,1,1,1,0,0,1,1,1,1
Karen MELCHIOR (DNK-RENEW),1,1,1,1,1,1,0,1,1,1,0,1,1,0,0,0,1,1,1,1,1,1,1,1,1,1,1,1,1,1,1,1
Peter KOFOD (DNK-ID),0,0,0,0,0,0,0,0,0,1,0,0,1,0,0,0,0,0,0,0,0,0,0,0,0,0,0,0,0,0,0,0
Nikolaj VILLUMSEN (DNK-GUE_NGL),0,1,0,0,1,0,0,0,0,0,1,1,1,0,1,0,1,1,1,0,1,0,1,1,1,0,0,1,0,0,1,0
Anna ZALEWSKA (POL-ECR),0,1,0,0,0,0,0,0,0,1,0,0,0,0,0,0,1,0,1,0,0,1,1,0,1,1,0,0,1,1,1,1
Kira Marie PETER-HANSEN (DNK-GREEN_EFA),1,0,1,0,1,1,0,0,1,1,1,1,1,1,0,0,1,1,1,1,1,1,1,1,1,0,0,0,0,0,1,0
Damien CARÊME (FRA-GREEN_EFA),1,1,1,0,0,1,0,0,1,1,1,1,1,1,1,0,1,1,1,1,1,1,0,1,1,0,0,0,0,0,1,0
Sylvie BRUNET (FRA-RENEW),1,1,1,1,1,1,0,1,1,1,0,1,0,1,1,1,1,1,1,0,0,0,0,0,1,1,1,1,1,1,1,1
Gilles BOYER (FRA-RENEW),1,1,1,1,1,1,0,1,1,0,0,1,1,1,1,1,1,1,1,1,1,1,1,1,1,1,1,1,1,1,1,1
Silvia SARDONE (ITA-ID),0,1,0,0,0,1,1,0,0,1,0,0,1,0,1,0,0,0,1,0,0,0,1,0,1,0,0,0,0,0,1,0
Klára DOBREV (HUN-SD),0,1,1,1,1,1,0,0,1,1,1,1,1,1,1,0,0,0,1,1,0,0,1,0,1,1,1,1,1,1,1,1
Isabella TOVAGLIERI (ITA-ID),0,0,0,0,0,1,1,0,0,1,0,0,1,0,1,0,0,0,1,0,0,0,0,0,1,0,0,0,0,0,0,0
Stéphanie YON-COURTIN (FRA-RENEW),1,0,1,1,1,1,0,1,1,1,0,1,1,1,1,1,1,0,0,0,1,1,1,1,1,0,1,1,1,1,1,1
Gianna GANCIA (ITA-ID),0,1,0,0,0,1,1,0,0,1,0,0,1,0,1,0,0,0,1,0,0,0,1,0,1,0,0,0,0,0,1,0
Sándor RÓNAI (HUN-SD),1,1,1,1,1,1,0,0,1,1,1,1,1,1,1,0,1,1,1,1,0,0,1,0,1,1,1,1,1,1,1,1
Pierre KARLESKIND (FRA-RENEW),1,0,1,1,1,1,0,1,1,1,0,1,1,1,1,1,1,1,0,1,1,1,0,1,1,1,1,0,1,1,1,1
Stefania ZAMBELLI (ITA-ID),0,1,0,0,0,1,1,0,0,1,0,0,1,0,1,0,0,0,1,0,0,0,1,1,1,1,1,0,0,0,1,1
Attila ARA-KOVÁCS (HUN-SD),1,1,1,1,1,1,0,0,1,1,1,1,1,1,1,0,1,1,1,1,1,1,1,0,1,1,1,1,1,1,1,1
Katalin CSEH (HUN-RENEW),1,0,1,1,1,1,0,1,1,1,0,1,1,1,1,1,0,1,1,1,1,1,1,1,1,1,1,1,1,1,1,1
Laurence FARRENG (FRA-RENEW),1,0,1,1,1,1,0,1,1,1,0,1,1,1,1,1,1,1,1,0,1,1,1,1,1,1,1,1,1,1,1,1
Giuliano PISAPIA (ITA-SD),1,0,1,0,0,1,0,1,1,1,0,1,1,1,1,0,0,0,0,1,1,1,0,0,1,1,0,0,0,0,1,0
Irene TINAGLI (ITA-SD),1,0,1,1,1,1,0,1,1,1,0,1,1,1,1,0,1,1,1,0,1,1,1,1,1,1,1,1,0,0,1,0
Pierfrancesco MAJORINO (ITA-SD),1,1,0,1,1,1,0,1,1,1,0,1,1,1,1,0,1,1,0,0,0,0,0,0,0,0,0,0,0,0,0,0
Véronique TRILLET-LENOIR (FRA-RENEW),0,1,1,1,1,1,0,1,1,1,0,1,1,1,1,1,1,1,1,1,1,1,1,0,0,0,0,0,0,0,0,0
Laura HUHTASAARI (FIN-ID),0,0,0,0,0,0,1,0,0,0,0,0,1,0,0,0,0,0,0,0,0,0,0,0,0,0,0,0,0,0,0,0
Anna Júlia DONÁTH (HUN-RENEW),1,1,1,1,1,1,0,1,1,1,0,1,1,1,1,1,1,1,0,0,0,0,1,1,1,1,1,1,0,0,0,0
Teuvo HAKKARAINEN (FIN-ID),0,0,0,0,0,0,1,0,0,0,0,0,1,0,0,0,0,0,0,0,0,0,1,0,1,0,0,0,1,1,1,1
Hélène LAPORTE (FRA-ID),0,1,0,0,0,0,1,0,0,1,0,0,1,0,0,0,0,0,0,0,0,0,0,0,0,0,0,0,0,0,0,0
Richard TICE (GBR-NI),0,0,0,0,0,0,0,0,0,0,0,0,0,0,0,0,0,0,0,0,0,0,0,0,0,0,0,0,0,0,0,0
Barbara Ann GIBSON (GBR-RENEW),1,1,0,0,0,0,0,0,0,0,0,0,0,0,0,0,0,0,0,0,0,0,0,0,0,0,0,0,0,0,0,0
Michael HEAVER (GBR-NI),0,0,0,0,0,0,0,0,0,0,0,0,0,0,0,0,0,0,0,0,0,0,0,0,0,0,0,0,0,0,0,0
Catherine ROWETT (GBR-GREEN_EFA),1,0,0,0,0,0,0,0,0,0,0,0,0,0,0,0,0,0,0,0,0,0,0,0,0,0,0,0,0,0,0,0
June Alison MUMMERY (GBR-NI),0,0,0,0,0,0,0,0,0,0,0,0,0,0,0,0,0,0,0,0,0,0,0,0,0,0,0,0,0,0,0,0
Lucy NETHSINGHA (GBR-RENEW),1,1,0,0,0,0,0,0,0,0,0,0,0,0,0,0,0,0,0,0,0,0,0,0,0,0,0,0,0,0,0,0
Javier ZARZALEJOS (ESP-EPP),1,1,1,0,1,1,0,1,1,1,0,0,1,1,1,0,1,1,1,1,0,1,1,0,1,1,1,0,1,1,1,1
Pietro FIOCCHI (ITA-ECR),0,0,0,0,0,0,0,0,0,1,0,0,0,0,1,0,1,0,1,0,0,1,0,0,1,0,0,0,0,0,0,0
Gianantonio DA RE (ITA-ID),0,1,0,0,0,1,1,0,0,1,0,0,1,0,1,0,0,0,1,0,0,0,1,0,1,0,0,0,0,0,1,0
Alessandra BASSO (ITA-ID),0,1,0,0,0,1,1,0,0,1,0,0,1,0,1,0,0,0,1,0,0,0,1,0,1,0,0,0,0,0,1,0
Elena LIZZI (ITA-ID),0,1,0,0,0,1,1,0,0,1,0,0,1,0,1,0,0,0,1,0,0,0,1,0,1,0,0,0,0,0,1,0
Annunziata Mary REES-MOGG (GBR-NI),0,0,0,0,0,0,0,0,0,0,0,0,0,0,0,0,0,0,0,0,0,0,0,0,0,0,0,0,0,0,0,0
Gina DOWDING (GBR-GREEN_EFA),1,1,0,0,0,0,0,0,0,0,0,0,0,0,0,0,0,0,0,0,0,0,0,0,0,0,0,0,0,0,0,0
Marco DREOSTO (ITA-ID),0,1,0,0,0,1,1,0,0,1,0,0,1,0,1,0,0,0,0,0,0,0,0,0,0,0,0,0,0,0,0,0
Jérôme RIVIÈRE (FRA-ID),0,1,0,0,0,0,1,0,0,1,0,0,1,0,0,0,0,0,0,0,0,0,1,0,1,0,0,0,0,0,1,0
Rosanna CONTE (ITA-ID),0,1,0,0,0,1,1,0,0,1,0,0,1,0,1,0,0,0,1,0,0,0,1,0,1,0,0,0,0,0,1,0
Carlo CALENDA (ITA-SD),1,0,1,1,1,1,0,1,1,1,0,1,1,1,1,1,0,0,0,0,0,0,0,0,0,0,0,0,0,0,0,0
Elisabetta GUALMINI (ITA-SD),1,0,1,1,1,1,0,1,1,1,0,1,1,1,1,0,1,1,1,0,1,1,1,0,1,1,1,1,0,0,1,0
Sabrina PIGNEDOLI (ITA-NI),0,0,0,0,0,1,0,0,1,1,0,1,1,1,1,0,1,1,1,1,1,0,1,1,1,0,0,1,0,0,1,0
Matthew PATTEN (GBR-NI),0,0,0,0,0,0,0,0,0,0,0,0,0,0,0,0,0,0,0,0,0,0,0,0,0,0,0,0,0,0,0,0
Juan Ignacio ZOIDO ÁLVAREZ (ESP-EPP),1,0,1,0,1,1,0,1,1,1,0,0,1,1,1,0,1,1,1,0,0,1,1,0,1,1,1,0,1,1,1,1
Thierry MARIANI (FRA-ID),0,0,0,0,0,0,1,0,0,1,0,0,1,0,0,0,0,0,0,0,0,0,1,0,1,0,0,0,0,0,1,0
Ivars IJABS (LVA-RENEW),1,1,1,1,1,1,0,1,1,1,0,1,1,1,1,1,1,1,1,1,1,1,1,1,1,1,1,1,1,1,1,0
Irina VON WIESE (GBR-RENEW),1,1,0,0,0,0,0,0,0,0,0,0,0,0,0,0,0,0,0,0,0,0,0,0,0,0,0,0,0,0,0,0
Hervé JUVIN (FRA-ID),0,0,0,0,0,0,1,0,0,1,0,0,1,0,0,0,0,0,0,0,0,0,1,0,1,0,0,0,0,0,1,0
Virginie JORON (FRA-ID),0,1,0,0,0,0,1,0,0,1,0,0,1,0,0,0,0,0,0,0,0,0,1,0,1,0,0,0,0,0,1,0
Jean-Paul GARRAUD (FRA-ID),0,0,0,0,0,0,1,0,0,1,0,0,1,0,0,0,0,0,0,0,0,0,1,0,1,0,0,0,0,0,1,0
Maxette PIRBAKAS (FRA-ID),0,0,0,0,0,0,1,0,0,1,0,0,1,0,0,0,1,0,0,0,0,0,0,1,1,0,0,0,1,1,1,1
Dacian CIOLOŞ (ROU-RENEW),1,1,1,1,1,1,0,1,1,1,0,1,1,1,1,1,1,1,1,1,1,1,1,1,1,1,1,1,1,1,1,0
Claudia GAMON (AUT-RENEW),1,1,1,1,1,1,0,1,1,1,0,1,1,1,1,0,1,1,1,1,1,1,1,1,1,1,1,1,1,1,1,1
Pedro MARQUES (PRT-SD),1,1,1,1,1,1,0,1,1,1,0,1,1,1,1,0,1,1,1,1,1,1,1,1,1,1,1,1,0,0,0,0
Maria-Manuel LEITÃO-MARQUES (PRT-SD),1,1,1,1,1,1,0,1,0,1,0,1,1,1,1,0,1,1,1,0,1,1,1,1,1,1,1,1,1,1,1,1
Ioan-Rareş BOGDAN (ROU-EPP),0,0,1,0,1,1,0,1,1,1,0,0,1,1,1,0,1,1,1,0,0,0,0,1,1,0,1,0,0,0,0,0
Vasile BLAGA (ROU-EPP),1,1,1,0,1,1,0,1,1,1,0,0,1,1,1,0,1,1,1,1,0,1,1,0,1,1,1,1,1,1,1,1
Margarida MARQUES (PRT-SD),1,1,1,1,1,1,0,1,1,1,0,1,1,1,1,0,1,1,1,1,1,1,1,1,1,1,1,1,1,1,1,1
Sara CERDAS (PRT-SD),1,1,1,1,1,1,0,1,1,1,0,1,1,1,1,0,1,1,1,1,1,1,1,1,1,1,1,1,1,1,1,1
Ben HABIB (GBR-NI),0,0,0,0,0,0,0,0,0,0,0,0,0,0,0,0,0,0,0,0,0,0,0,0,0,0,0,0,0,0,0,0
Karoline EDTSTADLER (AUT-EPP),1,1,0,0,0,0,0,0,0,0,0,0,0,0,0,0,0,0,0,0,0,0,0,0,0,0,0,0,0,0,0,0
Christian ALLARD (GBR-GREEN_EFA),1,1,0,0,0,0,0,0,0,0,0,0,0,0,0,0,0,0,0,0,0,0,0,0,0,0,0,0,0,0,0,0
Francisco GUERREIRO (PRT-GREEN_EFA),1,0,1,0,1,1,0,0,1,1,1,1,1,1,1,0,1,1,1,1,1,1,1,1,1,0,1,1,0,0,1,0
Mircea-Gheorghe HAVA (ROU-EPP),1,1,1,0,1,1,0,1,0,1,0,0,1,1,1,0,1,1,1,0,0,1,1,1,1,0,1,0,1,1,1,1
Dan-Ştefan MOTREANU (ROU-EPP),0,1,0,0,1,1,0,1,1,1,0,0,1,1,1,0,1,1,1,1,0,1,1,1,1,0,1,0,1,1,1,1
Alexander BERNHUBER (AUT-EPP),1,0,0,0,1,1,0,1,1,1,0,0,1,1,1,0,1,1,1,1,0,1,1,0,1,0,1,0,0,0,0,0
Gheorghe FALCĂ (ROU-EPP),1,1,1,0,1,1,0,1,1,1,0,0,1,1,1,0,0,0,1,1,0,1,1,1,1,1,0,0,0,0,0,0
Isabel SANTOS (PRT-SD),1,0,1,1,1,1,0,1,1,1,0,1,1,1,1,0,1,1,1,1,1,1,1,1,1,1,1,1,1,1,0,1
Carmen AVRAM (ROU-SD),1,1,1,1,1,1,0,1,1,1,0,1,1,1,1,0,1,1,1,1,1,1,1,1,1,1,0,0,0,0,0,0
Angelika WINZIG (AUT-EPP),1,1,1,0,1,1,0,1,1,1,0,0,1,1,1,0,1,1,1,1,0,1,1,0,1,1,0,0,1,1,1,1
Claudiu MANDA (ROU-SD),1,1,1,1,1,1,0,0,1,1,0,1,1,1,1,0,0,0,0,0,1,1,1,1,1,1,0,0,0,0,0,0
Ciarán CUFFE (IRL-GREEN_EFA),1,0,1,0,1,1,0,0,1,1,1,1,1,1,1,0,1,1,1,1,1,1,1,1,1,0,1,1,0,0,1,0
Cristian TERHEŞ (ROU-ECR),1,1,1,0,0,0,0,0,0,1,0,0,0,0,0,0,1,0,0,0,0,0,0,0,1,0,0,0,1,1,1,1
Simone SCHMIEDTBAUER (AUT-EPP),1,1,1,0,1,1,0,1,1,1,0,0,1,1,1,0,0,0,1,1,0,1,1,0,0,0,0,0,0,0,0,0
Tudor CIUHODARU (ROU-SD),1,1,1,1,1,1,0,0,1,1,0,1,1,1,1,0,1,1,1,1,1,1,0,1,1,1,1,0,1,1,1,0
Adrian-Dragoş BENEA (ROU-SD),1,1,1,1,1,1,0,1,1,1,0,1,1,1,1,0,1,1,1,0,1,1,0,0,1,0,1,0,0,0,0,0
Cristian GHINEA (ROU-RENEW),0,0,1,1,1,0,0,0,0,0,0,0,0,0,0,0,0,0,0,0,0,0,0,0,0,0,0,0,0,0,0,0
Vangelis MEIMARAKIS (GRC-EPP),1,1,1,0,1,1,0,1,1,1,0,1,1,1,1,0,1,1,1,0,1,1,1,1,0,1,1,1,1,1,1,1
Dragoş PÎSLARU (ROU-RENEW),1,0,1,1,1,1,0,1,1,1,0,1,1,1,1,1,1,1,1,1,1,1,1,1,1,1,1,1,1,1,1,1
Clotilde ARMAND (ROU-RENEW),1,1,1,1,1,0,0,0,0,0,0,0,0,0,0,0,0,0,0,0,0,0,0,0,0,0,0,0,0,0,0,0
Dragoş TUDORACHE (ROU-RENEW),1,1,1,1,1,1,0,1,1,1,0,1,1,1,1,1,1,1,1,1,1,1,1,1,1,1,1,0,1,1,1,1
Barbara THALER (AUT-EPP),1,1,1,0,1,1,0,1,1,1,0,0,1,1,1,0,1,1,1,1,0,1,1,0,0,0,1,0,1,1,1,1
Vlad-Marius BOTOŞ (ROU-RENEW),0,0,1,1,1,1,0,1,1,1,0,1,1,1,1,1,1,1,1,0,1,1,1,1,1,1,1,1,1,1,1,1
Andreas SCHIEDER (AUT-SD),1,1,1,1,1,1,0,0,1,1,1,1,1,1,1,0,1,1,1,1,0,0,1,1,1,1,1,1,0,0,1,0
Traian BĂSESCU (ROU-EPP),1,1,1,0,1,1,0,1,1,1,0,0,1,1,1,0,1,1,1,1,0,1,1,0,0,1,1,0,1,1,1,1
Eugen TOMAC (ROU-EPP),0,0,1,0,1,1,0,1,1,1,0,0,1,1,1,0,1,1,1,0,0,1,1,1,1,0,1,0,1,1,1,1
Sarah WIENER (AUT-GREEN_EFA),1,1,1,0,1,1,0,0,1,1,1,1,1,1,1,0,0,0,1,1,1,1,1,1,1,0,0,0,0,0,1,0
Günther SIDL (AUT-SD),1,1,1,1,1,1,0,0,1,1,1,1,1,1,1,0,1,1,0,1,1,1,1,1,1,1,1,1,0,0,1,0
Bettina VOLLATH (AUT-SD),1,1,1,1,1,1,0,0,1,1,1,1,1,1,1,0,1,1,0,0,0,0,0,0,0,0,0,0,0,0,0,0
Isabel BENJUMEA BENJUMEA (ESP-EPP),1,1,1,0,1,1,0,1,1,1,0,0,1,1,1,0,1,1,0,1,0,1,1,0,1,1,1,0,1,1,1,1
Aurélia BEIGNEUX (FRA-ID),0,1,0,0,0,0,1,0,0,1,0,0,1,0,0,0,0,0,0,0,0,0,1,0,1,0,0,0,0,0,1,0
Sira REGO (ESP-GUE_NGL),0,1,0,0,1,0,0,0,0,1,1,0,0,0,1,0,0,1,0,0,1,0,0,0,0,0,0,0,0,0,0,0
Hannes HEIDE (AUT-SD),1,1,1,1,1,1,0,0,1,1,1,1,1,1,1,0,1,1,1,1,1,1,0,1,0,1,1,1,0,0,1,0
Gilbert COLLARD (FRA-ID),0,0,0,0,0,0,1,0,0,1,0,0,1,0,0,0,0,0,0,0,0,0,0,0,0,0,0,0,0,0,0,0
Pernando BARRENA ARZA (ESP-GUE_NGL),0,1,0,0,1,0,0,0,0,1,1,1,1,0,1,0,1,1,0,0,0,0,0,0,0,0,0,0,0,0,0,0
Julie LECHANTEUX (FRA-ID),0,1,0,0,0,0,1,0,0,1,0,0,1,0,0,0,0,0,0,0,0,0,0,0,0,0,0,0,0,0,0,0
Philippe OLIVIER (FRA-ID),0,1,0,0,0,0,1,0,0,1,0,0,1,0,0,0,0,0,0,0,0,0,1,0,1,0,0,0,0,0,1,0
André ROUGÉ (FRA-ID),0,0,0,0,0,0,1,0,0,1,0,0,1,0,0,0,0,0,0,0,0,0,1,0,1,0,0,0,0,0,1,0
Mathilde ANDROUËT (FRA-ID),0,0,0,0,0,0,1,0,0,1,0,0,1,0,0,0,0,0,0,0,0,0,1,0,1,0,0,0,0,0,1,0
Stelios KYMPOUROPOULOS (GRC-EPP),1,1,1,0,1,1,0,1,1,1,0,0,1,1,1,0,1,1,1,1,1,1,0,1,1,0,0,0,0,0,0,0
Dinesh DHAMIJA (GBR-RENEW),1,0,0,0,0,0,0,0,0,0,0,0,0,0,0,0,0,0,0,0,0,0,0,0,0,0,0,0,0,0,0,0
Raphaël GLUCKSMANN (FRA-SD),1,1,1,0,1,1,0,0,1,1,0,1,1,1,1,0,1,1,1,1,0,0,1,1,1,1,1,1,0,0,1,0
Anna-Michelle ASIMAKOPOULOU (GRC-EPP),1,1,1,0,1,1,0,1,1,1,0,1,1,1,1,0,1,1,1,0,1,1,0,0,1,0,1,1,1,1,1,1
Scott AINSLIE (GBR-GREEN_EFA),1,0,0,0,0,0,0,0,0,0,0,0,0,0,0,0,0,0,0,0,0,0,0,0,0,0,0,0,0,0,0,0
Aurore LALUCQ (FRA-SD),1,1,1,0,1,1,0,0,1,1,0,1,1,1,1,0,1,1,1,1,1,1,1,1,0,1,1,1,0,0,1,0
Pierre LARROUTUROU (FRA-SD),1,0,1,0,1,1,0,0,1,1,0,1,1,1,1,0,1,1,1,1,1,1,1,1,1,0,1,1,0,0,1,0
Elena KOUNTOURA (GRC-GUE_NGL),1,1,0,0,1,0,0,0,0,1,1,1,1,0,1,0,1,1,1,0,1,0,1,0,1,0,0,0,0,0,1,0
Luisa PORRITT (GBR-RENEW),1,1,0,0,0,0,0,0,0,0,0,0,0,0,0,0,0,0,0,0,0,0,0,0,0,0,0,0,0,0,0,0
Konstantinos ARVANITIS (GRC-GUE_NGL),0,0,0,0,1,0,0,0,0,1,1,1,1,0,1,0,0,1,1,0,1,0,1,0,1,0,0,0,0,0,0,0
Lina GÁLVEZ MUÑOZ (ESP-SD),0,1,1,0,1,1,0,1,1,1,0,1,1,1,1,0,1,1,1,1,1,0,1,1,1,1,1,1,0,0,1,0
Lance FORMAN (GBR-NI),0,0,0,0,0,0,0,0,0,0,0,0,0,0,0,0,0,0,0,0,0,0,0,0,0,0,0,0,0,0,0,0
Brian MONTEITH (GBR-NI),0,0,0,0,0,0,0,0,0,0,0,0,0,0,0,0,0,0,0,0,0,0,0,0,0,0,0,0,0,0,0,0
John David Edward TENNANT (GBR-NI),0,0,0,0,0,0,0,0,0,0,0,0,0,0,0,0,0,0,0,0,0,0,0,0,0,0,0,0,0,0,0,0
Claire FOX (GBR-NI),0,0,0,0,0,0,0,0,0,0,0,0,0,0,0,0,0,0,0,0,0,0,0,0,0,0,0,0,0,0,0,0
Robert ROOS (NLD-ECR),0,1,0,0,0,0,1,0,0,1,0,0,0,0,0,0,0,0,1,0,0,0,1,0,0,0,0,0,0,0,0,0
Alexandra Louise Rosenfield PHILLIPS (GBR-GREEN_EFA),1,1,0,0,0,0,0,0,0,0,0,0,0,0,0,0,0,0,0,0,0,0,0,0,0,0,0,0,0,0,0,0
Dolors MONTSERRAT (ESP-EPP),1,1,1,0,1,1,0,1,1,1,0,0,1,1,1,0,1,1,1,1,0,1,1,0,1,1,1,0,0,0,0,0
Henrik OVERGAARD NIELSEN (GBR-NI),0,0,0,0,0,0,0,0,0,0,0,0,0,0,0,0,0,0,0,0,0,0,0,0,0,0,0,0,0,0,0,0
Ellie CHOWNS (GBR-GREEN_EFA),1,1,0,0,0,0,0,0,0,0,0,0,0,0,0,0,0,0,0,0,0,0,0,0,0,0,0,0,0,0,0,0
David BULL (GBR-NI),0,0,0,0,0,0,0,0,0,0,0,0,0,0,0,0,0,0,0,0,0,0,0,0,0,0,0,0,0,0,0,0
Jane BROPHY (GBR-RENEW),1,1,0,0,0,0,0,0,0,0,0,0,0,0,0,0,0,0,0,0,0,0,0,0,0,0,0,0,0,0,0,0
Ibán GARCÍA DEL BLANCO (ESP-SD),1,1,1,1,1,1,0,1,1,1,0,1,1,1,1,0,1,1,0,0,1,1,1,1,1,1,0,1,1,1,1,1
Nicolás GONZÁLEZ CASARES (ESP-SD),1,0,1,1,1,1,0,1,1,1,0,1,1,1,1,0,1,1,1,1,1,1,1,1,0,1,1,1,1,1,1,1
Cristina MAESTRE MARTÍN DE ALMAGRO (ESP-SD),1,1,1,1,1,1,0,1,1,1,0,1,1,1,1,0,0,1,1,0,1,1,1,1,1,1,1,1,1,1,1,1
Frances FITZGERALD (IRL-EPP),1,1,1,0,1,1,0,1,1,1,0,0,1,0,1,1,1,0,0,1,1,1,1,1,1,1,1,0,1,1,1,1
César LUENA (ESP-SD),1,1,1,1,1,1,0,1,1,1,0,1,1,1,1,0,1,1,1,1,1,1,1,1,1,1,1,1,1,1,1,1
Nacho SÁNCHEZ AMOR (ESP-SD),1,0,0,1,1,1,0,1,1,1,0,1,1,1,1,0,1,1,1,0,1,1,1,1,1,1,1,1,1,1,1,1
Mónica Silvana GONZÁLEZ (ESP-SD),1,1,1,1,1,1,0,1,1,1,0,1,1,1,1,0,1,1,1,0,0,0,1,1,1,1,1,1,1,1,1,1
Antony HOOK (GBR-RENEW),1,0,0,0,0,0,0,0,0,0,0,0,0,0,0,0,0,0,0,0,0,0,0,0,0,0,0,0,0,0,0,0
Clare DALY (IRL-GUE_NGL),0,1,0,0,1,0,0,0,0,1,1,1,0,0,1,0,0,0,1,0,0,0,1,1,0,0,0,0,0,0,1,0
Manuel PIZARRO (PRT-SD),1,1,1,1,1,1,0,1,1,1,0,1,1,1,1,0,1,1,0,0,0,0,0,0,0,0,0,0,0,0,0,0
Robert ROWLAND (GBR-NI),0,0,0,0,0,0,0,0,0,0,0,0,0,0,0,0,0,0,0,0,0,0,0,0,0,0,0,0,0,0,0,0
Lefteris NIKOLAOU-ALAVANOS (GRC-NI),0,0,0,0,0,0,0,0,0,0,0,0,0,0,0,0,0,0,0,0,0,0,0,0,0,0,0,0,0,0,0,0
Adriana MALDONADO LÓPEZ (ESP-SD),1,1,1,1,1,1,0,1,1,1,0,1,1,1,1,0,1,1,1,1,1,1,1,0,0,0,0,0,0,0,0,0
Belinda DE LUCY (GBR-NI),0,0,0,0,0,0,0,0,0,0,0,0,0,0,0,0,0,0,0,0,0,0,0,0,0,0,0,0,0,0,0,0
Ioannis LAGOS (GRC-NI),0,1,0,0,0,0,1,0,0,0,0,1,0,1,0,0,0,0,0,0,0,0,0,0,0,0,0,0,0,0,0,0
Lídia PEREIRA (PRT-EPP),1,1,1,0,1,1,0,1,1,1,0,0,1,1,1,0,1,1,1,1,1,1,1,1,1,1,1,0,1,1,1,1
Judith BUNTING (GBR-RENEW),1,0,0,0,0,0,0,0,0,0,0,0,0,0,0,0,0,0,0,0,0,0,0,0,0,0,0,0,0,0,0,0
Athanasios KONSTANTINOU (GRC-NI),0,1,0,1,1,1,0,1,1,1,0,1,0,0,0,1,0,0,0,0,0,0,0,0,1,0,0,0,0,0,0,0
Isabel GARCÍA MUÑOZ (ESP-SD),1,1,1,1,1,1,0,1,1,1,0,1,1,1,1,0,1,1,1,1,1,1,1,1,1,1,1,1,1,1,1,1
Petros KOKKALIS (GRC-GUE_NGL),0,1,0,0,1,0,0,0,0,1,1,1,1,0,1,0,1,1,0,0,1,0,1,0,1,0,1,1,0,0,0,0
Ann WIDDECOMBE (GBR-NI),0,0,0,0,0,0,0,0,0,0,0,0,0,0,0,0,0,0,0,0,0,0,0,0,0,0,0,0,0,0,0,0
Álvaro AMARO (PRT-EPP),1,1,1,0,1,1,0,1,0,1,0,0,1,1,1,0,1,1,0,1,1,1,1,0,0,0,0,0,0,0,0,0
Caroline VOADEN (GBR-RENEW),1,1,0,0,0,0,0,0,0,0,0,0,0,0,0,0,0,0,0,0,0,0,0,0,0,0,0,0,0,0,0,0
James Alexander GLANCY (GBR-NI),0,0,0,0,0,0,0,0,0,0,0,0,0,0,0,0,0,0,0,0,0,0,0,0,0,0,0,0,0,0,0,0
Christina Sheila JORDAN (GBR-NI),0,0,0,0,0,0,0,0,0,0,0,0,0,0,0,0,0,0,0,0,0,0,0,0,0,0,0,0,0,0,0,0
Sandra PEREIRA (PRT-GUE_NGL),0,0,0,0,0,0,0,0,0,1,0,0,0,0,0,0,0,0,0,0,0,0,1,1,0,0,0,0,0,0,1,0
Martin HORWOOD (GBR-RENEW),1,0,0,0,0,0,0,0,0,0,0,0,0,0,0,0,0,0,0,0,0,0,0,0,0,0,0,0,0,0,0,0
Vera TAX (NLD-SD),1,1,1,1,1,1,0,1,1,1,1,1,1,1,1,0,1,1,0,1,1,1,0,0,1,1,1,1,0,0,1,0
James WELLS (GBR-NI),0,0,0,0,0,0,0,0,0,0,0,0,0,0,0,0,0,0,0,0,0,0,0,0,0,0,0,0,0,0,0,0
Jackie JONES (GBR-SD),1,1,0,0,0,0,0,0,0,0,0,0,0,0,0,0,0,0,0,0,0,0,0,0,0,0,0,0,0,0,0,0
Rupert LOWE (GBR-NI),0,0,0,0,0,0,0,0,0,0,0,0,0,0,0,0,0,0,0,0,0,0,0,0,0,0,0,0,0,0,0,0
Martin Edward DAUBNEY (GBR-NI),0,0,0,0,0,0,0,0,0,0,0,0,0,0,0,0,0,0,0,0,0,0,0,0,0,0,0,0,0,0,0,0
Miroslav ČÍŽ (SVK-SD),1,1,1,1,1,0,0,1,1,1,0,1,1,0,0,0,0,0,0,0,0,0,0,0,0,0,0,0,0,0,0,0
Milan UHRÍK (SVK-NI),0,1,0,0,0,0,1,0,0,0,0,0,1,0,0,0,0,0,0,0,0,0,1,0,0,0,0,0,0,0,1,0
Miroslav RADAČOVSKÝ (SVK-NI),0,1,0,0,0,0,1,1,0,1,0,0,0,0,0,0,1,0,1,1,0,0,1,0,1,0,0,0,0,0,0,0
Peter POLLÁK (SVK-EPP),0,1,1,0,1,1,0,1,1,1,1,0,1,1,1,0,1,0,1,0,0,1,0,1,1,1,0,0,1,1,1,1
Lucia ĎURIŠ NICHOLSONOVÁ (SVK-RENEW),0,1,0,0,0,0,0,0,0,1,0,1,1,1,1,1,1,1,0,1,1,1,1,1,1,1,0,0,1,1,1,1
Eugen JURZYCA (SVK-ECR),0,0,0,0,0,0,0,0,0,1,0,0,0,0,0,0,1,0,1,0,0,0,1,0,1,1,0,0,0,0,1,1
Michal WIEZIK (SVK-RENEW),1,1,1,0,1,1,0,1,1,1,0,1,1,1,1,1,1,1,1,1,1,1,1,1,1,1,1,1,1,1,1,1
Martin HOJSÍK (SVK-RENEW),1,0,1,0,0,1,0,1,0,1,1,1,1,1,1,1,0,0,1,1,1,1,1,0,1,1,0,0,1,1,1,1
Vladimír BILČÍK (SVK-EPP),1,0,1,0,1,1,0,1,1,1,0,0,1,1,1,0,1,1,1,1,0,1,1,1,1,1,1,0,1,1,1,1
Tineke STRIK (NLD-GREEN_EFA),1,1,1,0,0,1,0,0,0,1,1,1,1,1,1,0,1,1,1,1,1,1,1,0,1,0,1,1,0,0,1,0
Bert-Jan RUISSEN (NLD-ECR),0,1,0,0,0,0,0,0,0,1,0,0,1,0,0,0,0,0,1,0,0,0,1,0,1,1,0,0,0,0,1,0
Rob ROOKEN (NLD-ECR),0,0,0,0,0,0,1,0,0,1,0,0,0,0,0,0,0,0,0,0,0,0,1,0,0,0,0,0,0,0,0,0
Leopoldo LÓPEZ GIL (ESP-EPP),1,1,1,0,1,0,0,1,1,1,0,0,1,1,1,0,0,0,1,0,0,1,1,0,0,1,1,0,1,1,1,1
Tom BERENDSEN (NLD-EPP),1,1,0,0,1,1,0,1,1,1,0,0,1,1,1,0,1,1,1,1,0,1,1,1,1,1,1,0,1,1,1,1
José Ramón BAUZÁ DÍAZ (ESP-RENEW),1,0,1,1,1,1,0,1,1,1,0,1,1,1,1,1,1,1,1,1,1,1,1,1,1,1,1,1,1,1,1,1
Bart GROOTHUIS (NLD-RENEW),0,0,0,0,0,0,0,0,1,1,0,0,1,0,1,0,1,1,1,0,0,1,1,0,1,1,0,0,1,1,1,1
Malik AZMANI (NLD-RENEW),0,1,0,0,0,0,0,0,1,1,0,0,1,0,1,0,1,1,1,1,0,1,1,1,1,1,1,0,1,1,1,1
Mohammed CHAHIM (NLD-SD),1,0,1,1,1,1,0,1,1,1,1,1,1,1,1,0,1,1,1,1,1,1,1,1,1,1,1,0,0,0,1,0
Andris AMERIKS (LVA-SD),1,0,0,1,1,1,0,1,1,1,0,1,1,1,1,0,1,1,1,1,1,1,0,0,1,1,1,1,1,1,1,1
Susana SOLÍS PÉREZ (ESP-RENEW),1,1,1,1,1,1,0,1,1,1,0,1,1,1,1,1,0,0,1,1,1,1,1,1,1,1,0,0,1,1,1,1
Eugenia RODRÍGUEZ PALOP (ESP-GUE_NGL),0,1,0,0,1,0,0,0,0,1,1,1,0,0,1,0,1,1,1,0,1,0,1,0,1,0,0,0,0,0,1,0
Susanna CECCARDI (ITA-ID),0,1,0,0,0,1,1,0,0,1,0,0,1,0,1,0,0,0,1,0,0,0,1,0,1,0,0,0,0,0,0,0
Antonio Maria RINALDI (ITA-ID),0,1,0,0,0,1,1,0,0,1,0,0,1,0,1,0,0,0,1,0,0,0,1,0,1,0,0,0,0,0,1,0
Anna BONFRISCO (ITA-ID),0,1,0,0,0,1,1,0,0,1,0,0,1,0,1,0,0,0,1,0,0,0,1,0,1,0,0,0,0,0,0,0
Simona BALDASSARRE (ITA-ID),0,1,0,0,0,1,1,0,0,1,0,0,1,0,1,0,0,0,0,0,0,0,0,0,0,0,0,0,0,0,0,0
Luisa REGIMENTI (ITA-ID),0,1,0,0,0,1,1,0,0,1,0,0,1,1,1,0,1,1,0,1,0,0,0,0,0,0,0,0,0,0,0,0
Massimiliano SMERIGLIO (ITA-SD),1,1,1,1,1,1,0,1,1,1,0,1,1,1,1,0,1,1,1,0,1,1,1,1,0,0,0,1,0,0,0,0
Daniela RONDINELLI (ITA-NI),0,1,0,0,0,1,0,0,1,1,0,1,1,1,1,0,1,1,1,0,1,1,1,1,1,0,1,1,0,0,1,0
Chiara GEMMA (ITA-NI),0,1,0,0,0,1,0,0,1,1,0,1,1,1,1,0,1,1,1,0,0,1,1,0,1,0,0,0,0,0,1,0
Mario FURORE (ITA-NI),0,1,0,0,0,1,0,0,1,1,0,1,1,1,1,0,1,1,1,1,1,0,1,1,1,0,0,1,0,0,1,0
Massimo CASANOVA (ITA-ID),0,1,0,0,0,1,1,0,0,1,0,0,1,0,1,0,0,0,1,0,0,0,0,0,0,0,0,0,0,0,0,0
Andrea CAROPPO (ITA-EPP),0,1,0,0,0,1,1,0,0,1,0,0,1,1,1,0,1,1,0,0,0,0,0,0,0,0,0,0,0,0,0,0
Lucia VUOLO (ITA-EPP),0,0,0,0,0,1,1,0,0,1,0,0,1,1,1,0,0,1,1,1,0,1,0,1,1,1,1,0,0,0,1,0
Valentino GRANT (ITA-ID),0,1,0,0,0,1,1,0,0,1,0,0,1,0,1,0,0,0,1,0,0,0,1,0,1,0,0,0,0,0,0,0
Eero HEINÄLUOMA (FIN-SD),1,1,1,1,1,0,0,1,1,1,0,1,1,1,1,0,1,1,1,1,0,0,1,1,1,1,1,1,1,1,1,1
Franco ROBERTI (ITA-SD),1,1,1,1,1,1,0,1,1,1,0,1,1,1,1,0,1,1,1,0,1,1,1,0,0,1,1,1,0,0,1,0
Ville NIINISTÖ (FIN-GREEN_EFA),1,1,1,0,1,1,0,0,1,1,1,1,1,1,0,0,1,1,0,1,1,1,1,1,1,0,1,1,0,0,1,0
Andrew ENGLAND KERR (GBR-NI),0,0,0,0,0,0,0,0,0,0,0,0,0,0,0,0,0,0,0,0,0,0,0,0,0,0,0,0,0,0,0,0
Dino GIARRUSSO (ITA-NI),0,0,0,0,0,1,0,0,1,1,0,1,1,1,1,0,1,1,1,1,1,1,1,1,1,0,1,1,0,0,1,0
Silvia MODIG (FIN-GUE_NGL),0,0,0,0,1,0,0,0,0,1,1,1,1,0,1,0,1,1,1,1,1,0,1,1,0,0,0,0,0,0,1,0
Annalisa TARDINO (ITA-ID),0,1,0,0,0,1,1,0,0,1,0,0,1,0,1,0,0,0,1,0,0,0,1,0,1,0,0,0,0,0,1,0
John LONGWORTH (GBR-NI),0,0,0,0,0,0,0,0,0,0,0,0,0,0,0,0,0,0,0,0,0,0,0,0,0,0,0,0,0,0,0,0
Pietro BARTOLO (ITA-SD),1,1,1,1,1,1,0,1,1,1,0,1,1,1,1,0,1,1,1,1,1,1,1,1,1,1,1,1,0,0,1,0
Lucy Elizabeth HARRIS (GBR-NI),0,0,0,0,0,0,0,0,0,0,0,0,0,0,0,0,0,0,0,0,0,0,0,0,0,0,0,0,0,0,0,0
Nils UŠAKOVS (LVA-SD),1,0,1,1,1,1,0,1,1,1,0,1,1,1,1,0,1,1,1,1,1,1,1,0,0,0,1,1,1,1,1,1
Shaffaq MOHAMMED (GBR-RENEW),1,1,0,0,0,0,0,0,0,0,0,0,0,0,0,0,0,0,0,0,0,0,0,0,0,0,0,0,0,0,0,0
Magid MAGID (GBR-GREEN_EFA),0,1,0,0,0,0,0,0,0,0,0,0,0,0,0,0,0,0,0,0,0,0,0,0,0,0,0,0,0,0,0,0
Jake PUGH (GBR-NI),0,0,0,0,0,0,0,0,0,0,0,0,0,0,0,0,0,0,0,0,0,0,0,0,0,0,0,0,0,0,0,0
Louis STEDMAN-BRYCE (GBR-NI),0,0,0,0,0,0,0,0,0,0,0,0,0,0,0,0,0,0,0,0,0,0,0,0,0,0,0,0,0,0,0,0
Sheila RITCHIE (GBR-RENEW),0,1,0,0,0,0,0,0,0,0,0,0,0,0,0,0,0,0,0,0,0,0,0,0,0,0,0,0,0,0,0,0
Naomi LONG (GBR-RENEW),1,1,0,0,0,0,0,0,0,0,0,0,0,0,0,0,0,0,0,0,0,0,0,0,0,0,0,0,0,0,0,0
Mick WALLACE (IRL-GUE_NGL),0,1,0,0,1,0,0,0,0,1,1,1,0,0,1,0,0,0,1,0,0,0,1,1,0,0,0,0,0,0,1,0
Billy KELLEHER (IRL-RENEW),1,1,1,1,1,1,0,1,1,1,0,1,1,0,1,1,1,0,1,1,1,1,1,1,1,1,1,1,1,1,1,1
Alexis GEORGOULIS (GRC-GUE_NGL),0,0,0,0,1,0,0,0,0,1,1,1,1,0,1,0,0,0,1,0,1,1,1,1,1,0,0,0,0,0,0,0
Nicola PROCACCINI (ITA-ECR),0,1,0,0,0,0,0,0,0,1,0,0,0,0,1,0,1,0,0,0,0,1,1,0,1,1,0,0,0,0,1,0
Francesca DONATO (ITA-NI),0,1,0,0,0,1,1,0,0,1,0,0,1,0,1,0,0,0,0,0,1,0,0,0,1,1,0,0,0,0,0,0
Giuseppe MILAZZO (ITA-ECR),1,0,1,0,0,1,0,1,1,1,0,0,0,0,1,0,0,0,1,0,0,1,0,0,1,0,0,0,0,0,1,0
Raffaele STANCANELLI (ITA-ECR),0,1,0,0,0,0,0,0,0,1,0,0,0,0,1,0,1,0,1,0,0,1,1,0,1,0,0,0,0,0,0,0
Matteo ADINOLFI (ITA-ID),0,1,0,0,0,1,1,0,0,1,0,0,1,0,1,0,0,0,0,0,0,0,1,0,0,0,0,0,0,0,0,0
Idoia VILLANUEVA RUIZ (ESP-GUE_NGL),0,0,0,0,1,0,0,0,0,1,1,1,0,0,1,0,1,1,0,0,1,0,1,1,1,0,0,0,0,0,1,0
Manu PINEDA (ESP-GUE_NGL),0,0,0,0,1,0,0,0,0,1,1,0,0,0,1,0,0,1,1,0,1,0,0,0,0,0,0,0,0,0,1,0
Jorge BUXADÉ VILLALBA (ESP-ECR),0,1,0,0,0,0,1,0,0,1,0,0,0,0,0,0,1,0,1,0,0,1,1,0,1,0,0,0,1,1,1,1
Hermann TERTSCH (ESP-ECR),1,0,0,0,0,0,1,0,0,1,0,0,0,0,0,0,1,0,1,0,0,1,1,0,1,0,0,0,1,1,1,1
Diana RIBA I GINER (ESP-GREEN_EFA),1,0,1,0,1,1,0,0,1,1,1,1,1,1,1,0,1,1,1,1,1,1,1,1,1,0,0,1,0,0,1,0
Aušra SEIBUTYTĖ (LTU-EPP),0,1,1,0,1,1,0,1,1,1,0,0,1,1,1,0,1,1,1,1,0,1,1,1,1,1,1,0,1,1,1,1
Alexander ALEXANDROV YORDANOV (BGR-EPP),0,1,1,0,0,1,0,1,1,1,0,0,1,1,1,0,1,1,1,1,0,1,1,0,1,1,1,0,1,1,1,1
Stasys JAKELIŪNAS (LTU-GREEN_EFA),1,1,1,0,1,1,0,0,1,1,0,1,1,1,0,0,1,1,1,0,1,1,1,0,1,0,0,1,0,0,1,0
Juozas OLEKAS (LTU-SD),1,1,1,1,1,1,0,1,1,1,0,1,1,1,1,0,1,1,1,1,1,1,1,0,1,1,1,1,1,1,1,1
Radan KANEV (BGR-EPP),1,1,1,0,0,1,0,1,1,1,0,0,1,0,1,0,1,0,0,1,0,1,1,0,1,1,1,0,0,0,1,0
Rasa JUKNEVIČIENĖ (LTU-EPP),1,1,0,0,1,1,0,1,1,1,0,0,1,1,1,0,1,1,1,0,0,0,0,1,1,1,1,0,1,1,0,1
Liudas MAŽYLIS (LTU-EPP),1,1,1,0,1,1,0,1,1,1,0,0,1,1,1,0,1,1,1,0,0,1,1,1,1,1,1,0,1,1,1,1
Elena YONCHEVA (BGR-SD),1,0,1,1,1,1,0,1,1,1,0,1,1,1,1,0,1,1,0,0,1,1,1,0,1,1,1,1,0,0,0,0
Andrius KUBILIUS (LTU-EPP),1,1,1,0,1,1,0,1,1,1,0,0,1,1,1,0,1,1,1,1,0,1,1,1,1,1,1,0,1,1,1,1
Petar VITANOV (BGR-SD),1,1,1,1,1,1,0,1,1,1,0,1,1,1,1,0,1,1,0,0,1,1,1,1,1,0,1,0,1,1,1,1
Tsvetelina PENKOVA (BGR-SD),1,1,1,1,1,1,0,1,1,1,0,1,1,1,1,0,1,1,1,0,1,1,1,0,1,1,0,0,1,1,1,1
Ivo HRISTOV (BGR-SD),1,1,1,1,1,1,0,1,1,1,0,1,1,1,1,0,0,0,1,0,1,1,1,0,1,1,0,0,1,1,1,1
Atidzhe ALIEVA-VELI (BGR-RENEW),1,1,1,1,0,1,0,1,1,1,0,1,1,1,1,1,1,1,1,0,0,0,1,1,1,1,1,1,1,1,1,0
Andrey SLABAKOV (BGR-ECR),0,1,0,0,0,1,0,0,0,1,0,0,0,0,0,0,1,0,1,0,0,0,1,0,1,1,0,0,1,1,1,1
Maria WALSH (IRL-EPP),1,1,1,0,1,1,0,1,1,1,0,0,1,0,1,1,1,0,0,1,1,1,1,1,1,1,1,1,0,0,0,0
Samira RAFAELA (NLD-RENEW),1,1,1,1,1,1,0,1,1,1,0,1,1,1,1,1,1,1,1,1,1,1,1,0,1,1,0,0,1,1,1,1
Liesje SCHREINEMACHER (NLD-RENEW),0,1,1,0,0,0,0,0,1,1,0,0,1,0,0,0,0,0,0,0,0,0,0,0,0,0,0,0,0,0,0,0
Kim VAN SPARRENTAK (NLD-GREEN_EFA),1,1,1,0,1,1,0,0,1,1,1,1,1,1,1,1,1,1,1,1,1,1,1,1,1,0,1,1,0,0,1,0
Grace O'SULLIVAN (IRL-GREEN_EFA),0,1,1,0,1,1,0,0,1,1,1,1,1,1,1,0,1,1,1,1,1,1,1,1,1,0,1,1,0,0,1,0
László TRÓCSÁNYI (HUN-NI),0,1,0,0,0,1,0,1,1,1,0,0,0,0,1,0,1,0,0,0,0,0,1,0,1,1,0,0,1,0,1,0
Ivan Vilibor SINČIĆ (HRV-NI),0,1,0,0,0,0,0,1,0,1,0,1,0,0,0,0,0,0,1,0,0,1,1,0,0,0,0,0,0,0,0,0
Márton GYÖNGYÖSI (HUN-NI),1,1,0,0,0,0,0,1,0,1,1,1,0,1,1,0,0,0,1,1,0,0,1,0,1,1,1,1,0,0,0,0
Mazaly AGUILAR (ESP-ECR),0,1,0,0,0,0,1,0,0,0,0,0,0,0,0,0,1,0,1,0,0,1,1,0,1,0,0,0,1,1,1,1
Roman HAIDER (AUT-ID),0,1,0,0,0,0,1,0,0,1,0,0,1,0,0,0,0,0,1,0,0,0,0,0,1,0,0,0,0,0,1,0
Mihai TUDOSE (ROU-SD),1,1,1,1,1,1,0,1,1,1,0,1,1,1,1,0,0,0,0,1,1,1,0,0,1,1,1,1,0,0,0,0
Estrella DURÁ FERRANDIS (ESP-SD),1,1,1,0,1,1,0,1,1,1,0,1,1,1,1,0,1,1,1,1,1,1,0,1,1,1,0,0,1,1,1,1
Emmanouil FRAGKOS (GRC-ECR),0,1,0,0,1,0,1,0,0,1,0,0,0,0,0,0,1,0,0,0,0,0,1,0,1,0,0,0,0,0,1,0
Marianne VIND (DNK-SD),0,1,1,1,0,1,0,1,1,1,0,1,1,1,1,0,1,1,1,1,0,1,1,1,1,1,1,0,1,1,1,1
Isabel CARVALHAIS (PRT-SD),1,1,1,1,1,1,0,1,1,1,0,1,1,1,1,0,1,1,1,1,1,1,1,1,1,1,1,1,1,1,1,1
Sunčana GLAVAK (HRV-EPP),0,0,1,0,1,1,0,1,1,1,0,0,1,1,1,0,1,1,0,0,0,1,1,1,1,1,1,0,0,0,0,0
Marc ANGEL (LUX-SD),0,0,1,0,1,1,0,1,1,1,0,1,1,1,1,0,1,1,1,1,1,1,1,1,1,1,1,1,1,1,1,1
Gheorghe-Vlad NISTOR (ROU-EPP),0,0,1,0,1,1,0,1,1,1,0,0,1,1,1,0,1,1,1,1,0,1,1,0,1,0,1,0,0,0,0,0
Carles PUIGDEMONT I CASAMAJÓ (ESP-NI),0,0,1,0,1,1,0,0,1,1,1,1,1,1,1,1,1,1,1,1,1,1,0,1,0,1,1,1,1,1,1,1
Antoni COMÍN I OLIVERES (ESP-NI),0,0,1,0,1,1,0,0,1,1,1,1,1,1,1,1,1,1,1,0,0,0,1,1,1,0,1,1,0,0,0,0
Linea SØGAARD-LIDELL (DNK-RENEW),0,0,0,0,0,1,0,1,0,1,0,0,1,0,1,0,1,1,0,0,0,0,0,0,0,0,0,0,0,0,0,0
Barry ANDREWS (IRL-RENEW),0,0,1,1,1,1,0,1,1,1,0,1,1,0,1,1,1,0,1,1,1,1,1,1,1,1,1,1,1,1,1,1
Salvatore DE MEO (ITA-EPP),0,0,1,0,0,1,0,1,1,1,0,0,1,1,1,0,1,1,1,1,0,1,1,0,0,1,1,0,0,0,1,0
Vincenzo SOFO (ITA-ECR),0,0,0,0,0,1,0,0,0,1,0,0,0,0,1,0,1,0,1,0,0,1,1,0,1,0,0,0,0,0,1,0
Alviina ALAMETSÄ (FIN-GREEN_EFA),0,0,1,0,1,0,0,0,1,1,1,1,1,1,1,0,1,1,1,1,0,1,1,1,1,0,1,1,0,0,0,0
Miriam LEXMANN (SVK-EPP),0,0,1,0,1,1,0,1,1,1,0,0,1,0,1,0,1,0,1,1,0,1,1,0,1,1,1,0,1,1,1,1
Dominik TARCZYŃSKI (POL-ECR),0,0,0,0,0,0,0,0,0,1,0,0,0,0,0,0,1,0,1,0,0,1,1,1,1,1,0,0,1,1,1,1
Christian SAGARTZ (AUT-EPP),0,0,1,0,1,1,0,1,1,1,0,0,1,1,1,0,1,1,1,0,0,0,1,0,1,1,0,0,1,1,1,1
Adrián VÁZQUEZ LÁZARA (ESP-RENEW),0,0,1,1,1,1,0,1,1,1,0,1,1,1,1,1,1,1,0,0,1,1,1,0,1,1,0,0,1,1,1,1
Marcos ROS SEMPERE (ESP-SD),0,0,1,1,1,1,0,1,1,1,0,1,1,1,1,0,1,1,1,1,1,1,1,1,1,1,1,1,1,1,1,1
Margarita DE LA PISA CARRIÓN (ESP-ECR),0,0,0,0,0,0,1,0,0,1,0,0,0,0,0,0,1,0,1,0,0,1,1,0,1,0,0,0,1,1,1,1
Ilana CICUREL (FRA-RENEW),0,0,1,1,1,1,0,1,1,1,0,1,1,1,1,1,1,1,1,1,1,1,1,1,0,1,1,1,1,1,1,1
Nora MEBAREK (FRA-SD),0,0,1,0,1,1,0,0,1,1,0,1,1,1,1,0,1,1,1,0,1,1,1,0,1,0,1,1,0,0,1,0
Sandro GOZI (FRA-RENEW),0,0,1,1,1,1,0,1,1,1,0,1,1,1,1,1,1,1,1,1,1,1,1,1,1,1,1,1,1,1,1,1
Claude GRUFFAT (FRA-GREEN_EFA),0,0,1,0,1,1,0,0,1,1,1,1,1,1,1,0,1,1,1,1,1,1,1,1,1,0,1,1,0,0,1,0
Jean-Lin LACAPELLE (FRA-ID),0,0,0,0,0,0,1,0,0,1,0,0,1,0,0,0,0,0,0,0,0,0,1,0,1,0,0,0,0,0,1,0
Clara PONSATÍ OBIOLS (ESP-NI),0,0,1,0,1,1,0,0,1,1,1,1,1,1,1,1,1,1,1,1,0,0,1,1,1,0,1,1,0,0,0,0
Riho TERRAS (EST-EPP),0,0,1,0,1,1,0,1,1,1,0,0,1,1,1,0,1,1,1,0,0,1,1,1,1,1,1,0,0,0,0,0
Dorien ROOKMAKER (NLD-ECR),0,0,0,0,0,1,1,0,0,1,0,0,0,0,0,0,0,0,1,0,0,1,1,0,0,1,0,0,0,0,1,0
Chris MACMANUS (IRL-GUE_NGL),0,0,0,0,1,0,0,0,0,1,1,1,1,0,1,0,1,0,1,0,1,0,1,1,1,0,0,1,0,0,1,0
Manuela RIPA (DEU-GREEN_EFA),0,0,0,0,1,1,0,0,1,1,1,1,1,1,1,0,1,1,0,1,1,1,1,0,1,0,1,1,0,0,1,0
Sara MATTHIEU (BEL-GREEN_EFA),0,0,0,0,1,1,0,0,1,1,1,1,1,0,0,0,1,1,1,1,1,1,1,0,1,0,1,1,0,0,1,0
Cyrus ENGERER (MLT-SD),0,0,0,0,0,1,0,1,1,1,0,0,1,0,1,0,1,0,1,0,1,1,1,1,1,1,1,1,1,1,1,1
Vlad GHEORGHE (ROU-RENEW),0,0,0,0,0,1,0,1,1,1,0,1,1,1,1,1,1,1,1,1,1,1,1,1,1,1,1,1,1,1,1,1
Colm MARKEY (IRL-EPP),0,0,0,0,0,1,0,1,1,1,0,0,1,0,1,1,1,0,1,1,1,1,1,1,1,1,1,1,1,1,1,1
Alin MITUȚA (ROU-RENEW),0,0,0,0,0,1,0,1,1,1,0,1,1,1,1,1,1,1,1,1,1,1,1,1,1,1,1,1,1,1,1,1
Ernő SCHALLER-BAROSS (HUN-NI),0,0,0,0,0,1,0,1,1,1,0,0,0,0,1,0,1,0,1,0,0,0,1,0,1,1,0,0,1,0,1,0
Emma WIESNER (SWE-RENEW),0,0,0,0,0,1,0,1,0,1,0,0,0,1,1,0,1,1,0,1,0,1,1,0,1,1,1,0,1,1,1,1
Thijs REUTEN (NLD-SD),0,0,0,0,0,0,0,0,0,1,1,1,1,1,1,0,0,1,1,1,1,1,1,1,1,1,1,1,0,0,1,0
Michiel HOOGEVEEN (NLD-ECR),0,0,0,0,0,0,0,0,0,1,0,0,0,0,0,0,0,0,1,0,0,0,1,0,1,1,0,0,0,0,1,0
Ladislav ILČIĆ (HRV-ECR),0,0,0,0,0,0,0,0,0,0,0,0,0,0,0,0,0,0,1,0,0,1,1,0,1,0,0,0,0,0,0,0
Karolin BRAUNSBERGER-REINHOLD (DEU-EPP),0,0,0,0,0,0,0,0,0,0,0,0,1,1,1,0,1,1,1,1,0,1,1,0,1,0,1,0,1,1,1,1
Karsten LUCKE (DEU-SD),0,0,0,0,0,0,0,0,0,0,0,0,0,1,1,0,1,1,1,1,1,1,1,1,1,1,0,0,1,1,1,1
Ilan DE BASSO (SWE-SD),0,0,0,0,0,0,0,0,0,0,0,0,0,1,1,0,1,0,1,0,0,1,1,1,1,1,1,0,1,1,1,1
Malte GALLÉE (DEU-GREEN_EFA),0,0,0,0,0,0,0,0,0,0,0,0,0,1,1,0,1,1,1,1,1,1,1,1,1,0,0,0,0,0,0,0
Catharina RINZEMA (NLD-RENEW),0,0,0,0,0,0,0,0,0,0,0,0,0,0,1,0,1,1,1,0,0,1,1,0,0,1,1,0,1,1,1,1
René REPASI (DEU-SD),0,0,0,0,0,0,0,0,0,0,0,0,0,1,1,0,1,1,1,1,1,1,1,1,1,1,0,0,1,1,1,1
Camilla LAURETI (ITA-SD),0,0,0,0,0,0,0,0,0,0,0,0,0,1,1,0,1,1,1,1,1,1,1,1,1,1,1,1,0,0,1,0
Jan OVELGÖNNE (DEU-GREEN_EFA),0,0,0,0,0,0,0,0,0,0,0,0,0,0,0,0,0,0,0,0,0,0,0,0,0,0,0,0,0,0,1,0
Matjaž NEMEC (SVN-SD),0,0,0,0,0,0,0,0,0,0,0,0,0,0,0,0,1,1,1,1,1,1,1,1,1,1,1,1,1,1,1,1
Max ORVILLE (FRA-RENEW),0,0,0,0,0,0,0,0,0,0,0,0,0,0,0,0,1,1,1,1,1,1,1,1,1,1,1,1,1,1,1,1
Marie DAUCHY (FRA-ID),0,0,0,0,0,0,0,0,0,0,0,0,0,0,0,0,0,0,0,0,0,0,1,0,1,0,0,0,0,0,1,0
Eric MINARDI (FRA-ID),0,0,0,0,0,0,0,0,0,0,0,0,0,0,0,0,0,0,0,0,0,0,1,0,1,0,0,0,0,0,0,0
Patricia CHAGNON (FRA-ID),0,0,0,0,0,0,0,0,0,0,0,0,0,0,0,0,0,0,0,0,0,0,1,0,1,0,0,0,0,0,1,0
Marina MESURE (FRA-GUE_NGL),0,0,0,0,0,0,0,0,0,0,0,0,0,0,0,0,0,0,1,0,1,0,1,1,0,0,0,0,0,0,1,0
João ALBUQUERQUE (PRT-SD),0,0,0,0,0,0,0,0,0,0,0,0,0,0,0,0,0,0,1,1,1,1,1,1,1,1,1,1,0,0,1,0
Eva Maria POPTCHEVA (ESP-RENEW),0,0,0,0,0,0,0,0,0,0,0,0,0,0,0,0,0,0,1,1,1,1,1,1,1,1,1,1,1,1,1,1
Matthias ECKE (DEU-SD),0,0,0,0,0,0,0,0,0,0,0,0,0,0,0,0,0,0,1,1,1,1,1,1,1,1,0,1,1,1,1,1
Carina OHLSSON (SWE-SD),0,0,0,0,0,0,0,0,0,0,0,0,0,0,0,0,0,0,1,1,0,1,1,1,1,1,1,0,1,1,1,1
Johan NISSINEN (SWE-ECR),0,0,0,0,0,0,0,0,0,0,0,0,0,0,0,0,0,0,1,0,0,0,0,0,0,0,0,0,0,0,1,0
Theresa BIELOWSKI (AUT-SD),0,0,0,0,0,0,0,0,0,0,0,0,0,0,0,0,0,0,1,1,1,1,1,1,1,0,1,1,0,0,1,0
Matteo GAZZINI (ITA-ID),0,0,0,0,0,0,0,0,0,0,0,0,0,0,0,0,0,0,0,0,0,0,1,1,1,1,1,0,0,0,1,0
Paola GHIDONI (ITA-ID),0,0,0,0,0,0,0,0,0,0,0,0,0,0,0,0,0,0,1,0,0,0,1,0,1,0,0,0,0,0,1,0
Achille VARIATI (ITA-SD),0,0,0,0,0,0,0,0,0,0,0,0,0,0,0,0,0,0,1,0,1,1,1,1,1,1,1,1,0,0,1,0
Maria Angela DANZÌ (ITA-NI),0,0,0,0,0,0,0,0,0,0,0,0,0,0,0,0,0,0,0,1,1,1,1,1,1,0,0,1,0,0,1,0
Denis NESCI (ITA-ECR),0,0,0,0,0,0,0,0,0,0,0,0,0,0,0,0,0,0,1,0,0,1,1,0,1,0,0,0,0,0,1,0
Elisabetta DE BLASIS (ITA-ID),0,0,0,0,0,0,0,0,0,0,0,0,0,0,0,0,0,0,0,0,0,0,1,0,1,0,0,0,0,0,0,0
Eleni STAVROU (CYP-EPP),0,0,0,0,0,0,0,0,0,0,0,0,0,0,0,0,0,0,0,0,1,1,1,0,1,0,0,0,0,0,0,0
Erik POULSEN (DNK-RENEW),0,0,0,0,0,0,0,0,0,0,0,0,0,0,0,0,0,0,1,1,0,1,1,0,0,1,1,0,1,1,1,1
Bergur Løkke RASMUSSEN (DNK-RENEW),0,0,0,0,0,0,0,0,0,0,0,0,0,0,0,0,0,0,1,1,0,1,1,1,1,1,1,0,1,1,1,1
Beatrice COVASSI (ITA-SD),0,0,0,0,0,0,0,0,0,0,0,0,0,0,0,0,0,0,1,0,1,1,1,1,1,1,1,1,0,0,1,0
Maria Veronica ROSSI (ITA-ID),0,0,0,0,0,0,0,0,0,0,0,0,0,0,0,0,0,0,0,0,0,0,1,0,0,0,0,0,0,0,1,0
Francesca PEPPUCCI (ITA-EPP),0,0,0,0,0,0,0,0,0,0,0,0,0,0,0,0,0,0,0,0,0,0,0,1,1,1,1,0,0,0,1,0
Nikos PAPANDREOU (GRC-SD),0,0,0,0,0,0,0,0,0,0,0,0,0,0,0,0,0,0,0,0,0,0,1,1,1,1,1,1,1,1,1,1
Christophe CLERGEAU (FRA-SD),0,0,0,0,0,0,0,0,0,0,0,0,0,0,0,0,0,0,0,0,0,0,0,0,1,1,1,1,0,0,1,0
Thomas RUDNER (DEU-SD),0,0,0,0,0,0,0,0,0,0,0,0,0,0,0,0,0,0,0,0,0,0,0,1,1,1,1,1,1,1,1,1
Catherine AMALRIC (FRA-RENEW),0,0,0,0,0,0,0,0,0,0,0,0,0,0,0,0,0,0,0,0,0,0,0,0,1,1,0,0,1,1,1,0
Anja HAGA (NLD-EPP),0,0,0,0,0,0,0,0,0,0,0,0,0,0,0,0,0,0,0,0,0,0,0,0,1,1,1,0,1,1,1,1
Laura BALLARÍN CEREZA (ESP-SD),0,0,0,0,0,0,0,0,0,0,0,0,0,0,0,0,0,0,0,0,0,0,0,1,1,1,1,1,1,1,1,1
Ana COLLADO JIMÉNEZ (ESP-EPP),0,0,0,0,0,0,0,0,0,0,0,0,0,0,0,0,0,0,0,0,0,0,0,0,1,1,1,0,1,1,1,1
Laurence SAILLIET (FRA-EPP),0,0,0,0,0,0,0,0,0,0,0,0,0,0,0,0,0,0,0,0,0,0,0,0,1,1,1,0,1,1,1,1
Lydie MASSARD (FRA-GREEN_EFA),0,0,0,0,0,0,0,0,0,0,0,0,0,0,0,0,0,0,0,0,0,0,0,1,0,0,1,0,0,0,1,0
Wolfram PIRCHNER (AUT-EPP),0,0,0,0,0,0,0,0,0,0,0,0,0,0,0,0,0,0,0,0,0,0,0,1,1,1,0,0,1,1,1,0
Martine KEMP (LUX-EPP),0,0,0,0,0,0,0,0,0,0,0,0,0,0,0,0,0,0,0,0,0,0,0,1,1,1,1,0,1,1,1,1
Jozef MIHÁL (SVK-RENEW),0,0,0,0,0,0,0,0,0,0,0,0,0,0,0,0,0,0,0,0,0,0,0,1,0,1,1,1,1,1,1,1
Witold PAHL (POL-EPP),0,0,0,0,0,0,0,0,0,0,0,0,0,0,0,0,0,0,0,0,0,0,0,1,1,1,1,0,1,1,1,1
Włodzimierz KARPIŃSKI (POL-EPP),0,0,0,0,0,0,0,0,0,0,0,0,0,0,0,0,0,0,0,0,0,0,0,1,1,1,1,0,1,1,1,1
Rafał ROMANOWSKI (POL-ECR),0,0,0,0,0,0,0,0,0,0,0,0,0,0,0,0,0,0,0,0,0,0,0,1,1,1,0,0,0,0,0,0
Patricia CARO MAYA (ESP-GUE_NGL),0,0,0,0,0,0,0,0,0,0,0,0,0,0,0,0,0,0,0,0,0,0,0,0,0,0,0,0,0,0,1,0
François THIOLLET (FRA-GREEN_EFA),0,0,0,0,0,0,0,0,0,0,0,0,0,0,0,0,0,0,0,0,0,0,0,1,1,0,1,1,0,0,1,0
Esther SANZ SELVA (ESP-GUE_NGL),0,0,0,0,0,0,0,0,0,0,0,0,0,0,0,0,0,0,0,0,0,0,0,1,1,0,0,0,0,0,1,0
Michael KAUCH (DEU-RENEW),0,0,0,0,0,0,0,0,0,0,0,0,0,0,0,0,0,0,0,0,0,0,0,0,1,1,1,0,1,1,1,1
Krzysztof BREJZA (POL-EPP),0,0,0,0,0,0,0,0,0,0,0,0,0,0,0,0,0,0,0,0,0,0,0,1,1,1,0,0,1,1,1,1
Guy LAVOCAT (FRA-RENEW),0,0,0,0,0,0,0,0,0,0,0,0,0,0,0,0,0,0,0,0,0,0,0,0,1,1,1,1,1,1,1,1
Niels GEUKING (DEU-EPP),0,0,0,0,0,0,0,0,0,0,0,0,0,0,0,0,0,0,0,0,0,0,0,0,1,1,1,0,1,1,1,1
Linus GLANZELIUS (SWE-SD),0,0,0,0,0,0,0,0,0,0,0,0,0,0,0,0,0,0,0,0,0,0,0,0,0,1,1,0,1,1,1,1
Henk Jan ORMEL (NLD-EPP),0,0,0,0,0,0,0,0,0,0,0,0,0,0,0,0,0,0,0,0,0,0,0,0,0,0,1,0,1,1,1,1
Anabela RODRIGUES (PRT-GUE_NGL),0,0,0,0,0,0,0,0,0,0,0,0,0,0,0,0,0,0,0,0,0,0,0,0,0,0,0,0,0,0,1,0
Vasco BECKER-WEINBERG (PRT-EPP),0,0,0,0,0,0,0,0,0,0,0,0,0,0,0,0,0,0,0,0,0,0,0,0,0,0,0,0,1,1,1,1
Ana Miguel DOS SANTOS (PRT-EPP),0,0,0,0,0,0,0,0,0,0,0,0,0,0,0,0,0,0,0,0,0,0,0,0,0,0,0,0,1,1,1,1
Vânia NETO (PRT-EPP),0,0,0,0,0,0,0,0,0,0,0,0,0,0,0,0,0,0,0,0,0,0,0,0,0,0,0,0,1,1,1,1
Teófilo SANTOS (PRT-EPP),0,0,0,0,0,0,0,0,0,0,0,0,0,0,0,0,0,0,0,0,0,0,0,0,0,0,0,0,1,1,1,1
Ricardo MORGADO (PRT-EPP),0,0,0,0,0,0,0,0,0,0,0,0,0,0,0,0,0,0,0,0,0,0,0,0,0,0,0,0,1,1,1,1
